video_id,author_name,view_count,comment_count,share_count,like_count,region_code,create_time,effect_ids,music_id,video_description,hashtag_names,voice_to_text,video_url,fetch_timestamp,fetch_date,data_source
7562942362851265812,gks.rakib,301,6,4,131,BD,2025-10-19 14:39:04,NA,7541430228514589457,#duet with @âˆ†$â˜…ğ—›ğ—¼ğ˜€ğ˜€ğ—®ğ—¶ğ—» ğ—¥ğ—®ğ—»ğ—®â˜…$âˆ† #à¦‡à¦¸à¦²à¦¾à¦®à¦¿à¦•_à¦­à¦¿à¦¡à¦¿à¦“_ğŸ¤²ğŸ•‹ğŸ¤² #à¦†à¦¸à¦¸à¦¾à¦²à¦¾à¦®à§à¦¯à¦¼à¦¾à¦²à¦¾à¦‡à¦•à§à¦®ğŸŒ¹ #ğŸ˜­ğŸ˜­ğŸ˜­ğŸ˜­ğŸ˜­ğŸ˜­ğŸ˜­ğŸ˜­ğŸ˜­ğŸ˜­ #,"duet,ğŸ˜­ğŸ˜­ğŸ˜­ğŸ˜­ğŸ˜­ğŸ˜­ğŸ˜­ğŸ˜­ğŸ˜­ğŸ˜­,à¦‡à¦¸à¦²à¦¾à¦®à¦¿à¦•_à¦­à¦¿à¦¡à¦¿à¦“_ğŸ¤²ğŸ•‹ğŸ¤²,à¦†à¦¸à¦¸à¦¾à¦²à¦¾à¦®à§à¦¯à¦¼à¦¾à¦²à¦¾à¦‡à¦•à§à¦®ğŸŒ¹",NA,https://www.tiktok.com/@gks.rakib/video/7562942362851265812,2025-10-23 09:34:03.560553,2025-10-23,loaded_from_23h_cache
7562747597077630229,gks.rakib,302,3,0,126,BD,2025-10-19 02:03:17,NA,7537240841188329473,#duet with @âˆ†$â˜…ğ—›ğ—¼ğ˜€ğ˜€ğ—®ğ—¶ğ—» ğ—¥ğ—®ğ—»ğ—®â˜…$âˆ† #à¦‡à¦¸à¦²à¦¾à¦®à¦¿à¦•_à¦­à¦¿à¦¡à¦¿à¦“_ğŸ¤²ğŸ•‹ğŸ¤² #à¦†à¦¸à¦¸à¦¾à¦²à¦¾à¦®à§à¦¯à¦¼à¦¾à¦²à¦¾à¦‡à¦•à§à¦®ğŸŒ¹ #ğŸ˜­ğŸ˜­ğŸ˜­ğŸ˜­ğŸ˜­ğŸ˜­ğŸ˜­ğŸ˜­ğŸ˜­ğŸ˜­ #,"duet,ğŸ˜­ğŸ˜­ğŸ˜­ğŸ˜­ğŸ˜­ğŸ˜­ğŸ˜­ğŸ˜­ğŸ˜­ğŸ˜­,à¦‡à¦¸à¦²à¦¾à¦®à¦¿à¦•_à¦­à¦¿à¦¡à¦¿à¦“_ğŸ¤²ğŸ•‹ğŸ¤²,à¦†à¦¸à¦¸à¦¾à¦²à¦¾à¦®à§à¦¯à¦¼à¦¾à¦²à¦¾à¦‡à¦•à§à¦®ğŸŒ¹",NA,https://www.tiktok.com/@gks.rakib/video/7562747597077630229,2025-10-23 09:34:03.560553,2025-10-23,loaded_from_23h_cache
7562617172766231829,gks.rakib,322,4,3,158,BD,2025-10-18 17:37:08,NA,7397200885723941649,#duet with @âˆ†$â˜…ğ—›ğ—¼ğ˜€ğ˜€ğ—®ğ—¶ğ—» ğ—¥ğ—®ğ—»ğ—®â˜…$âˆ† #à¦‡à¦¸à¦²à¦¾à¦®à¦¿à¦•_à¦­à¦¿à¦¡à¦¿à¦“_ğŸ¤²ğŸ•‹ğŸ¤² #à¦†à¦¸à¦¸à¦¾à¦²à¦¾à¦®à§à¦¯à¦¼à¦¾à¦²à¦¾à¦‡à¦•à§à¦®ğŸŒ¹ #ğŸ˜­ğŸ˜­ğŸ˜­ğŸ˜­ğŸ˜­ğŸ˜­ğŸ˜­ğŸ˜­ğŸ˜­ğŸ˜­ #,"duet,ğŸ˜­ğŸ˜­ğŸ˜­ğŸ˜­ğŸ˜­ğŸ˜­ğŸ˜­ğŸ˜­ğŸ˜­ğŸ˜­,à¦‡à¦¸à¦²à¦¾à¦®à¦¿à¦•_à¦­à¦¿à¦¡à¦¿à¦“_ğŸ¤²ğŸ•‹ğŸ¤²,à¦†à¦¸à¦¸à¦¾à¦²à¦¾à¦®à§à¦¯à¦¼à¦¾à¦²à¦¾à¦‡à¦•à§à¦®ğŸŒ¹",NA,https://www.tiktok.com/@gks.rakib/video/7562617172766231829,2025-10-23 09:34:03.560553,2025-10-23,loaded_from_23h_cache
7562066830391545108,gks.rakib,326,2,0,140,BD,2025-10-17 06:01:34,NA,7159252539552107265,#duet with @âˆ†$â˜…ğ—›ğ—¼ğ˜€ğ˜€ğ—®ğ—¶ğ—» ğ—¥ğ—®ğ—»ğ—®â˜…$âˆ† #à¦‡à¦¸à¦²à¦¾à¦®à¦¿à¦•_à¦­à¦¿à¦¡à¦¿à¦“_ğŸ¤²ğŸ•‹ğŸ¤² #à¦†à¦¸à¦¸à¦¾à¦²à¦¾à¦®à§à¦¯à¦¼à¦¾à¦²à¦¾à¦‡à¦•à§à¦®ğŸŒ¹ #ğŸ˜­ğŸ˜­ğŸ˜­ğŸ˜­ğŸ˜­ğŸ˜­ğŸ˜­ğŸ˜­ğŸ˜­ğŸ˜­ #,"duet,ğŸ˜­ğŸ˜­ğŸ˜­ğŸ˜­ğŸ˜­ğŸ˜­ğŸ˜­ğŸ˜­ğŸ˜­ğŸ˜­,à¦‡à¦¸à¦²à¦¾à¦®à¦¿à¦•_à¦­à¦¿à¦¡à¦¿à¦“_ğŸ¤²ğŸ•‹ğŸ¤²,à¦†à¦¸à¦¸à¦¾à¦²à¦¾à¦®à§à¦¯à¦¼à¦¾à¦²à¦¾à¦‡à¦•à§à¦®ğŸŒ¹",NA,https://www.tiktok.com/@gks.rakib/video/7562066830391545108,2025-10-23 09:34:03.560553,2025-10-23,loaded_from_23h_cache
7561997390467583252,gks.rakib,320,2,0,155,BD,2025-10-17 01:32:09,NA,7491334714842843920,#duet with @âˆ†$â˜…ğ—›ğ—¼ğ˜€ğ˜€ğ—®ğ—¶ğ—» ğ—¥ğ—®ğ—»ğ—®â˜…$âˆ† #à¦‡à¦¸à¦²à¦¾à¦®à¦¿à¦•_à¦­à¦¿à¦¡à¦¿à¦“_ğŸ¤²ğŸ•‹ğŸ¤² #à¦†à¦¸à¦¸à¦¾à¦²à¦¾à¦®à§à¦¯à¦¼à¦¾à¦²à¦¾à¦‡à¦•à§à¦®ğŸŒ¹ #ğŸ˜­ğŸ˜­ğŸ˜­ğŸ˜­ğŸ˜­ğŸ˜­ğŸ˜­ğŸ˜­ğŸ˜­ğŸ˜­ #,"duet,ğŸ˜­ğŸ˜­ğŸ˜­ğŸ˜­ğŸ˜­ğŸ˜­ğŸ˜­ğŸ˜­ğŸ˜­ğŸ˜­,à¦‡à¦¸à¦²à¦¾à¦®à¦¿à¦•_à¦­à¦¿à¦¡à¦¿à¦“_ğŸ¤²ğŸ•‹ğŸ¤²,à¦†à¦¸à¦¸à¦¾à¦²à¦¾à¦®à§à¦¯à¦¼à¦¾à¦²à¦¾à¦‡à¦•à§à¦®ğŸŒ¹",NA,https://www.tiktok.com/@gks.rakib/video/7561997390467583252,2025-10-23 09:34:03.560553,2025-10-23,loaded_from_23h_cache
7561839818179906837,gks.rakib,332,1,3,138,BD,2025-10-16 15:20:36,NA,7441744203782425360,#duet with @âˆ†$â˜…ğ—›ğ—¼ğ˜€ğ˜€ğ—®ğ—¶ğ—» ğ—¥ğ—®ğ—»ğ—®â˜…$âˆ† #à¦‡à¦¸à¦²à¦¾à¦®à¦¿à¦•_à¦­à¦¿à¦¡à¦¿à¦“_ğŸ¤²ğŸ•‹ğŸ¤² #à¦†à¦¸à¦¸à¦¾à¦²à¦¾à¦®à§à¦¯à¦¼à¦¾à¦²à¦¾à¦‡à¦•à§à¦®ğŸŒ¹ #ğŸ˜­ğŸ˜­ğŸ˜­ğŸ˜­ğŸ˜­ğŸ˜­ğŸ˜­ğŸ˜­ğŸ˜­ğŸ˜­ #,"duet,ğŸ˜­ğŸ˜­ğŸ˜­ğŸ˜­ğŸ˜­ğŸ˜­ğŸ˜­ğŸ˜­ğŸ˜­ğŸ˜­,à¦‡à¦¸à¦²à¦¾à¦®à¦¿à¦•_à¦­à¦¿à¦¡à¦¿à¦“_ğŸ¤²ğŸ•‹ğŸ¤²,à¦†à¦¸à¦¸à¦¾à¦²à¦¾à¦®à§à¦¯à¦¼à¦¾à¦²à¦¾à¦‡à¦•à§à¦®ğŸŒ¹",NA,https://www.tiktok.com/@gks.rakib/video/7561839818179906837,2025-10-23 09:34:03.560553,2025-10-23,loaded_from_23h_cache
7561709200309505281,gks.rakib,129,3,0,61,BD,2025-10-16 06:54:14,NA,7275913336175250177,#duet with @âˆ†$â˜…ğ—›ğ—¼ğ˜€ğ˜€ğ—®ğ—¶ğ—» ğ—¥ğ—®ğ—»ğ—®â˜…$âˆ† #à¦‡à¦¸à¦²à¦¾à¦®à¦¿à¦•_à¦­à¦¿à¦¡à¦¿à¦“_ğŸ¤²ğŸ•‹ğŸ¤² #à¦†à¦¸à¦¸à¦¾à¦²à¦¾à¦®à§à¦¯à¦¼à¦¾à¦²à¦¾à¦‡à¦•à§à¦®ğŸŒ¹ #ğŸ˜­ğŸ˜­ğŸ˜­ğŸ˜­ğŸ˜­ğŸ˜­ğŸ˜­ğŸ˜­ğŸ˜­ğŸ˜­ #,"duet,ğŸ˜­ğŸ˜­ğŸ˜­ğŸ˜­ğŸ˜­ğŸ˜­ğŸ˜­ğŸ˜­ğŸ˜­ğŸ˜­,à¦‡à¦¸à¦²à¦¾à¦®à¦¿à¦•_à¦­à¦¿à¦¡à¦¿à¦“_ğŸ¤²ğŸ•‹ğŸ¤²,à¦†à¦¸à¦¸à¦¾à¦²à¦¾à¦®à§à¦¯à¦¼à¦¾à¦²à¦¾à¦‡à¦•à§à¦®ğŸŒ¹","à¦•à§‡à¦¯à¦¼à¦¾à¦®à¦¤à§‡à¦° à¦®à¦¯à¦¼à¦¦à¦¾à¦¨à§‡ à¦†à¦²à§à¦²à¦¾à¦¹ à¦¬à¦²à¦¬à§‡ à¦“ à¦†à¦®à¦¾à¦° à¦¬à¦¾à¦¨à§à¦¦à¦¾à¦°à¦¾ à¦†à¦®à¦¾à¦°à§‡ à¦¸à§‡à¦œà¦¦à¦¾ à¦¦à¦¿à¦¯à¦¼à§‡ à¦¦à§‡à¦–à¦¾ à¦•à¦¾à¦°à¦¾ à¦•à¦¾à¦°à¦¾ à¦¦à§à¦¨à¦¿à¦¯à¦¼à¦¾à¦¤à§‡ à¦¸à§‡à¦œà¦¦à¦¾ à¦¦à¦¿à¦¯à¦¼à§‡à¦›à¦¿à¦²à¦¿ à¦†à¦œà¦•à§‡ à¦à¦‡ à¦•à§‡à¦¯à¦¼à¦¾à¦®à¦¤à§‡à¦° à¦®à¦¯à¦¼à¦¦à¦¾à¦¨à§‡ à¦†à¦®à¦¾à¦°à§‡ à¦¸à§‡à¦œà¦¦à¦¾ à¦¦à¦¿à¦¯à¦¼à§‡ à¦¦à§‡à¦–à¦¾ à¦†à¦®à¦°à¦¾ à¦¯à¦¾à¦°à¦¾ à¦¦à§à¦¨à¦¿à¦¯à¦¼à¦¾à¦° à¦¬à§à¦•à§‡ à¦¸à§‡à¦œà¦¦à¦¾ à¦¦à¦¿à¦¯à¦¼à§‡à¦›à¦¿ à¦†à¦®à¦°à¦¾ à¦†à¦²à§à¦²à¦¾à¦¹à§ à¦†à¦•à¦¬à¦¾à¦° à¦¬à¦²à§‡ à¦¸à§‡à¦œà¦¦à¦¾à¦¯à¦¼ à¦²à§à¦Ÿà¦¿à¦¯à¦¼à§‡ à¦ªà¦¡à¦¼à¦¬à§‹
",https://www.tiktok.com/@gks.rakib/video/7561709200309505281,2025-10-23 09:34:03.560553,2025-10-23,loaded_from_23h_cache
7561708743440780560,gks.rakib,286,2,0,128,BD,2025-10-16 06:52:28,NA,7294543997111274242,#duet with @âˆ†$â˜…ğ—›ğ—¼ğ˜€ğ˜€ğ—®ğ—¶ğ—» ğ—¥ğ—®ğ—»ğ—®â˜…$âˆ† #à¦‡à¦¸à¦²à¦¾à¦®à¦¿à¦•_à¦­à¦¿à¦¡à¦¿à¦“_ğŸ¤²ğŸ•‹ğŸ¤² #à¦†à¦¸à¦¸à¦¾à¦²à¦¾à¦®à§à¦¯à¦¼à¦¾à¦²à¦¾à¦‡à¦•à§à¦®ğŸŒ¹ #ğŸ˜­ğŸ˜­ğŸ˜­ğŸ˜­ğŸ˜­ğŸ˜­ğŸ˜­ğŸ˜­ğŸ˜­ğŸ˜­ #,"duet,ğŸ˜­ğŸ˜­ğŸ˜­ğŸ˜­ğŸ˜­ğŸ˜­ğŸ˜­ğŸ˜­ğŸ˜­ğŸ˜­,à¦‡à¦¸à¦²à¦¾à¦®à¦¿à¦•_à¦­à¦¿à¦¡à¦¿à¦“_ğŸ¤²ğŸ•‹ğŸ¤²,à¦†à¦¸à¦¸à¦¾à¦²à¦¾à¦®à§à¦¯à¦¼à¦¾à¦²à¦¾à¦‡à¦•à§à¦®ğŸŒ¹","à¦¶à¦¾à¦¨à§à¦¤à¦¿ à¦šà¦¾à¦“ à¦¤à¦¾à¦¹à¦²à§‡ à¦†à¦²à§à¦²à¦¾à¦¹à¦° à¦ªà¦¥à§‡ à¦«à¦¿à¦°à§‡ à¦†à¦¸à§‹ à¦¶à¦¾à¦¨à§à¦¤à¦¿ à¦¤à§‹ à¦¦à§‡à¦“à¦¯à¦¼à¦¾à¦° à¦®à¦¾à¦²à¦¿à¦• à¦à¦•à¦®à¦¾à¦¤à§à¦° à¦†à¦²à§à¦²à¦¾à¦¹
",https://www.tiktok.com/@gks.rakib/video/7561708743440780560,2025-10-23 09:34:03.560553,2025-10-23,loaded_from_23h_cache
7562041739431759122,smmunna507,116,4,0,15,BD,2025-10-17 04:24:10,NA,7556154224241920769,#à¦¤à§à¦®à¦¿ à¦†à¦®à¦¾à¦° à¦¥à§‡à¦•à§‡ à¦¬à§‡à¦¶à¦¿ à¦•à¦¾à¦à¦¦à¦¬à§‡ à¦¯à§‡à¦¦à¦¿à¦¨ à¦¬à§à¦à¦¬à§‡ à¦†à¦®à¦¾à¦° à¦®à¦¤ à¦•à¦°à§‡ à¦•à§‡à¦‰ à¦¤à§‹à¦®à¦¾à¦•à§‡ à¦­à¦¾à¦²à§‹à¦¬à¦¾à¦¸à¦¿à¦¨à¦¿ #foryou #foryoupage #bdtiktokofficial #vaiprofycaramba,"foryou,foryoupage,bdtiktokofficial,à¦¤à§à¦®à¦¿,vaiprofycaramba",NA,https://www.tiktok.com/@smmunna507/video/7562041739431759122,2025-10-23 09:34:03.560553,2025-10-23,loaded_from_23h_cache
7562025561128766728,smmunna507,134,4,0,23,BD,2025-10-17 03:21:24,NA,7560566404508896007,#foryou #foryoupage #bdtiktokofficial #vaiprofycaramba #tiktok,"tiktok,foryou,foryoupage,bdtiktokofficial,vaiprofycaramba",NA,https://www.tiktok.com/@smmunna507/video/7562025561128766728,2025-10-23 09:34:03.560553,2025-10-23,loaded_from_23h_cache
7562914069141867807,hcpf4mbba5,64,0,0,0,US,2025-10-19 12:49:52,NA,7562919271160941343,Bad Bunny will be a performer at the 2026 Super Bowl LX Halftime Show on Apple Music.#news #badbunny #superbowl #noticiastiktok #MLB,"superbowl,news,mlb,badbunny,noticiastiktok",NA,https://www.tiktok.com/@hcpf4mbba5/video/7562914069141867807,2025-10-23 09:34:03.560553,2025-10-23,loaded_from_23h_cache
7562913988154068238,yaobaobao4,99264,2,6,382,US,2025-10-19 12:50:03,NA,7562914249236876045,Bad Bunny will be a performer at the 2026 Super Bowl LX Halftime Show on Apple Music.#news #badbunny #superbowl #noticiastiktok #MLB,"superbowl,news,mlb,badbunny,noticiastiktok",NA,https://www.tiktok.com/@yaobaobao4/video/7562913988154068238,2025-10-23 09:34:03.560553,2025-10-23,loaded_from_23h_cache
7562913959662112031,hcpf4mbba5,77,0,0,0,US,2025-10-19 12:49:23,NA,7562919106631043870,Bad Bunny will be a performer at the 2026 Super Bowl LX Halftime Show on Apple Music.#news #badbunny #superbowl #noticiastiktok #MLB,"superbowl,news,mlb,badbunny,noticiastiktok",NA,https://www.tiktok.com/@hcpf4mbba5/video/7562913959662112031,2025-10-23 09:34:03.560553,2025-10-23,loaded_from_23h_cache
7562913898672786701,l5jjf0rtv0,118,0,0,0,US,2025-10-19 12:49:50,NA,7562914174997662519,Bad Bunny will be a performer at the 2026 Super Bowl LX Halftime Show on Apple Music.#news #badbunny #superbowl #noticiastiktok #MLB,"superbowl,news,mlb,badbunny,noticiastiktok",NA,https://www.tiktok.com/@l5jjf0rtv0/video/7562913898672786701,2025-10-23 09:34:03.560553,2025-10-23,loaded_from_23h_cache
7562913878988967182,xtgfgcnga6,10,0,0,0,US,2025-10-19 12:50:01,NA,7562914209575586615,Bad Bunny will be a performer at the 2026 Super Bowl LX Halftime Show on Apple Music.#news #badbunny #superbowl #noticiastiktok #MLB,"superbowl,news,mlb,badbunny,noticiastiktok",NA,https://www.tiktok.com/@xtgfgcnga6/video/7562913878988967182,2025-10-23 09:34:03.560553,2025-10-23,loaded_from_23h_cache
7562913822810443063,yaobaobao4,373,0,0,3,US,2025-10-19 12:49:33,NA,7562914067409685262,Bad Bunny will be a performer at the 2026 Super Bowl LX Halftime Show on Apple Music.#news #badbunny #superbowl #noticiastiktok #MLB,"superbowl,news,mlb,badbunny,noticiastiktok",NA,https://www.tiktok.com/@yaobaobao4/video/7562913822810443063,2025-10-23 09:34:03.560553,2025-10-23,loaded_from_23h_cache
7562913806809156919,l5jjf0rtv0,112,0,0,0,US,2025-10-19 12:49:22,NA,7562914017598032695,Bad Bunny will be a performer at the 2026 Super Bowl LX Halftime Show on Apple Music.#news #badbunny #superbowl #noticiastiktok #MLB,"superbowl,news,mlb,badbunny,noticiastiktok",NA,https://www.tiktok.com/@l5jjf0rtv0/video/7562913806809156919,2025-10-23 09:34:03.560553,2025-10-23,loaded_from_23h_cache
7562913806775635255,xtgfgcnga6,143,0,0,4,US,2025-10-19 12:49:31,NA,7562914144958040845,Bad Bunny will be a performer at the 2026 Super Bowl LX Halftime Show on Apple Music.#news #badbunny #superbowl #noticiastiktok #MLB,"superbowl,news,mlb,badbunny,noticiastiktok",NA,https://www.tiktok.com/@xtgfgcnga6/video/7562913806775635255,2025-10-23 09:34:03.560553,2025-10-23,loaded_from_23h_cache
7562913754724240654,yaobaobao4,1489,1,0,10,US,2025-10-19 12:49:03,NA,7562914003459132173,Bad Bunny will be a performer at the 2026 Super Bowl LX Halftime Show on Apple Music.#news #badbunny #superbowl #noticiastiktok #MLB,"superbowl,news,mlb,badbunny,noticiastiktok",NA,https://www.tiktok.com/@yaobaobao4/video/7562913754724240654,2025-10-23 09:34:03.560553,2025-10-23,loaded_from_23h_cache
7562913675959438647,xtgfgcnga6,719,0,0,14,US,2025-10-19 12:49:02,NA,7562913979933133581,Bad Bunny will be a performer at the 2026 Super Bowl LX Halftime Show on Apple Music.#news #badbunny #superbowl #noticiastiktok #MLB,"superbowl,news,mlb,badbunny,noticiastiktok",NA,https://www.tiktok.com/@xtgfgcnga6/video/7562913675959438647,2025-10-23 09:34:03.560553,2025-10-23,loaded_from_23h_cache
7562907323652443405,ocfdlyyyz2,862,0,0,68,US,2025-10-19 12:24:13,NA,7562907601197861687,Bad Bunny will be a performer at the 2026 Super Bowl LX Halftime Show on Apple Music. #news #badbunny #superbowl #noticiastiktok #MLB,"superbowl,news,mlb,badbunny,noticiastiktok",NA,https://www.tiktok.com/@ocfdlyyyz2/video/7562907323652443405,2025-10-23 09:34:03.560553,2025-10-23,loaded_from_23h_cache
7562906651527761165,ocfdlyyyz2,5,0,0,0,US,2025-10-19 12:22:03,NA,7562907022228867853,Bad Bunny will be a performer at the 2026 Super Bowl LX Halftime Show on Apple Music. #news #badbunny #superbowl #noticiastiktok #MLB,"superbowl,news,mlb,badbunny,noticiastiktok",NA,https://www.tiktok.com/@ocfdlyyyz2/video/7562906651527761165,2025-10-23 09:34:03.560553,2025-10-23,loaded_from_23h_cache
7562906634704489741,lfdnsmvi43,976,0,0,115,US,2025-10-19 12:21:50,NA,7562906999537650446,Bad Bunny will be a performer at the 2026 Super Bowl LX Halftime Show on Apple Music. #news #badbunny #superbowl #noticiastiktok #MLB,"superbowl,news,mlb,badbunny,noticiastiktok",NA,https://www.tiktok.com/@lfdnsmvi43/video/7562906634704489741,2025-10-23 09:34:03.560553,2025-10-23,loaded_from_23h_cache
7562906479267761463,lfdnsmvi43,1,0,0,0,US,2025-10-19 12:21:18,NA,7562906835901287182,Bad Bunny will be a performer at the 2026 Super Bowl LX Halftime Show on Apple Music. #news #badbunny #superbowl #noticiastiktok #MLB,"superbowl,news,mlb,badbunny,noticiastiktok",NA,https://www.tiktok.com/@lfdnsmvi43/video/7562906479267761463,2025-10-23 09:34:03.560553,2025-10-23,loaded_from_23h_cache
7562906402335886606,lfdnsmvi43,2,0,0,0,US,2025-10-19 12:20:43,NA,7562906729235729166,Bad Bunny will be a performer at the 2026 Super Bowl LX Halftime Show on Apple Music. #news #badbunny #superbowl #noticiastiktok #MLB,"superbowl,news,mlb,badbunny,noticiastiktok",NA,https://www.tiktok.com/@lfdnsmvi43/video/7562906402335886606,2025-10-23 09:34:03.560553,2025-10-23,loaded_from_23h_cache
7562906323994627383,ocfdlyyyz2,867,1,1,76,US,2025-10-19 12:20:41,NA,7562906710935882551,Bad Bunny will be a performer at the 2026 Super Bowl LX Halftime Show on Apple Music. #news #badbunny #superbowl #noticiastiktok #MLB,"superbowl,news,mlb,badbunny,noticiastiktok",NA,https://www.tiktok.com/@ocfdlyyyz2/video/7562906323994627383,2025-10-23 09:34:03.560553,2025-10-23,loaded_from_23h_cache
7562905474232896798,cumleyguerini,112,0,0,1,US,2025-10-19 12:16:42,NA,7562910697424685855,Bad Bunny will be a performer at the 2026 Super Bowl LX Halftime Show on Apple Music. #news #badbunny #superbowl #noticiastiktok #MLB,"superbowl,news,mlb,badbunny,noticiastiktok",NA,https://www.tiktok.com/@cumleyguerini/video/7562905474232896798,2025-10-23 09:34:03.560553,2025-10-23,loaded_from_23h_cache
7562905308096466189,nfixgxgnz9,784,0,3,112,US,2025-10-19 12:16:42,NA,7562905727506664247,Bad Bunny will be a performer at the 2026 Super Bowl LX Halftime Show on Apple Music. #news #badbunny #superbowl #noticiastiktok #MLB,"superbowl,news,mlb,badbunny,noticiastiktok",NA,https://www.tiktok.com/@nfixgxgnz9/video/7562905308096466189,2025-10-23 09:34:03.560553,2025-10-23,loaded_from_23h_cache
7562905118706814222,nfixgxgnz9,8,0,0,0,US,2025-10-19 12:16:03,NA,7562905522748377870,Bad Bunny will be a performer at the 2026 Super Bowl LX Halftime Show on Apple Music. #news #badbunny #superbowl #noticiastiktok #MLB,"superbowl,news,mlb,badbunny,noticiastiktok",NA,https://www.tiktok.com/@nfixgxgnz9/video/7562905118706814222,2025-10-23 09:34:03.560553,2025-10-23,loaded_from_23h_cache
7562904852167200030,cumleyguerini,1,0,0,0,US,2025-10-19 12:14:21,NA,7562909964496358174,Bad Bunny will be a performer at the 2026 Super Bowl LX Halftime Show on Apple Music. #news #badbunny #superbowl #noticiastiktok #MLB,"superbowl,news,mlb,badbunny,noticiastiktok",NA,https://www.tiktok.com/@cumleyguerini/video/7562904852167200030,2025-10-23 09:34:03.560553,2025-10-23,loaded_from_23h_cache
7562904813801983262,cumleyguerini,88,0,0,0,US,2025-10-19 12:14:15,NA,7562910083890301726,Bad Bunny will be a performer at the 2026 Super Bowl LX Halftime Show on Apple Music. #news #badbunny #superbowl #noticiastiktok #MLB,"superbowl,news,mlb,badbunny,noticiastiktok",NA,https://www.tiktok.com/@cumleyguerini/video/7562904813801983262,2025-10-23 09:34:03.560553,2025-10-23,loaded_from_23h_cache
7562904737952091447,nfixgxgnz9,29,0,0,2,US,2025-10-19 12:14:24,NA,7562905619468946189,Bad Bunny will be a performer at the 2026 Super Bowl LX Halftime Show on Apple Music. #news #badbunny #superbowl #noticiastiktok #MLB,"superbowl,news,mlb,badbunny,noticiastiktok",NA,https://www.tiktok.com/@nfixgxgnz9/video/7562904737952091447,2025-10-23 09:34:03.560553,2025-10-23,loaded_from_23h_cache
7562878683950697758,nanciebeasley,13151,1,4,251,US,2025-10-19 10:32:49,NA,7562883809218235167,Bad Bunny will be a performer at the 2026 Super Bowl LX Halftime Show on Apple Music. #news #badbunny #superbowl #noticiastiktok #MLB,"superbowl,news,mlb,badbunny,noticiastiktok",NA,https://www.tiktok.com/@nanciebeasley/video/7562878683950697758,2025-10-23 09:34:03.560553,2025-10-23,loaded_from_23h_cache
7562878671883717918,annnorabalderas5,468,0,0,21,US,2025-10-19 10:33:04,NA,7562883993771756318,Bad Bunny will be a performer at the 2026 Super Bowl LX Halftime Show on Apple Music. #news #badbunny #superbowl #noticiastiktok #MLB,"superbowl,news,mlb,badbunny,noticiastiktok",NA,https://www.tiktok.com/@annnorabalderas5/video/7562878671883717918,2025-10-23 09:34:03.560553,2025-10-23,loaded_from_23h_cache
7562878661028793630,zr2hunhqm3,1624,1,1,82,US,2025-10-19 10:32:47,NA,7562878709682670367,Bad Bunny will be a performer at the 2026 Super Bowl LX Halftime Show on Apple Music. #news #badbunny #superbowl #noticiastiktok #MLB,"superbowl,news,mlb,badbunny,noticiastiktok",NA,https://www.tiktok.com/@zr2hunhqm3/video/7562878661028793630,2025-10-23 09:34:03.560553,2025-10-23,loaded_from_23h_cache
7562878650861767967,ddvz4ynsa5,928,0,0,49,US,2025-10-19 10:32:45,NA,7562878636676664094,Bad Bunny will be a performer at the 2026 Super Bowl LX Halftime Show on Apple Music. #news #badbunny #superbowl #noticiastiktok #MLB,"superbowl,news,mlb,badbunny,noticiastiktok",NA,https://www.tiktok.com/@ddvz4ynsa5/video/7562878650861767967,2025-10-23 09:34:03.560553,2025-10-23,loaded_from_23h_cache
7562878630297095455,annnorabalderas5,4540,2,0,108,US,2025-10-19 10:32:55,NA,7562883746777598751,Bad Bunny will be a performer at the 2026 Super Bowl LX Halftime Show on Apple Music. #news #badbunny #superbowl #noticiastiktok #MLB,"superbowl,news,mlb,badbunny,noticiastiktok",NA,https://www.tiktok.com/@annnorabalderas5/video/7562878630297095455,2025-10-23 09:34:03.560553,2025-10-23,loaded_from_23h_cache
7562878599397657886,koressabrock0,309575,11,38,2663,US,2025-10-19 10:32:23,NA,7562883718499601182,Bad Bunny will be a performer at the 2026 Super Bowl LX Halftime Show on Apple Music. #news #badbunny #superbowl #noticiastiktok #MLB,"superbowl,news,mlb,badbunny,noticiastiktok",NA,https://www.tiktok.com/@koressabrock0/video/7562878599397657886,2025-10-23 09:34:03.560553,2025-10-23,loaded_from_23h_cache
7562878582033321247,bunnimullen6,3878,0,0,36,US,2025-10-19 10:32:37,NA,7562883818479225630,Bad Bunny will be a performer at the 2026 Super Bowl LX Halftime Show on Apple Music. #news #badbunny #superbowl #noticiastiktok #MLB,"superbowl,news,mlb,badbunny,noticiastiktok",NA,https://www.tiktok.com/@bunnimullen6/video/7562878582033321247,2025-10-23 09:34:03.560553,2025-10-23,loaded_from_23h_cache
7562878563918056735,ibnjgnmpv3,7520,1,1,26,US,2025-10-19 10:32:23,NA,7562878580753959711,Bad Bunny will be a performer at the 2026 Super Bowl LX Halftime Show on Apple Music. #news #badbunny #superbowl #noticiastiktok #MLB,"superbowl,news,mlb,badbunny,noticiastiktok",NA,https://www.tiktok.com/@ibnjgnmpv3/video/7562878563918056735,2025-10-23 09:34:03.560553,2025-10-23,loaded_from_23h_cache
7562878563473444126,ggddyv777553,254110,5,21,1338,US,2025-10-19 10:32:28,NA,7562878619513572127,Bad Bunny will be a performer at the 2026 Super Bowl LX Halftime Show on Apple Music. #news #badbunny #superbowl #noticiastiktok #MLB,"superbowl,news,mlb,badbunny,noticiastiktok",NA,https://www.tiktok.com/@ggddyv777553/video/7562878563473444126,2025-10-23 09:34:03.560553,2025-10-23,loaded_from_23h_cache
7562878562211056927,pauliewhitehead1,4944,2,1,41,US,2025-10-19 10:32:49,NA,7562883809444629279,Bad Bunny will be a performer at the 2026 Super Bowl LX Halftime Show on Apple Music. #news #badbunny #superbowl #noticiastiktok #MLB,"superbowl,news,mlb,badbunny,noticiastiktok",NA,https://www.tiktok.com/@pauliewhitehead1/video/7562878562211056927,2025-10-23 09:34:03.560553,2025-10-23,loaded_from_23h_cache
7562878559711186206,jaquelindorsey,6102,0,0,12,US,2025-10-19 10:32:44,NA,7562883712442977054,Bad Bunny will be a performer at the 2026 Super Bowl LX Halftime Show on Apple Music. #news #badbunny #superbowl #noticiastiktok #MLB,"superbowl,news,mlb,badbunny,noticiastiktok",NA,https://www.tiktok.com/@jaquelindorsey/video/7562878559711186206,2025-10-23 09:34:03.560553,2025-10-23,loaded_from_23h_cache
7562878521228512542,bunnimullen6,20283,0,0,123,US,2025-10-19 10:32:49,NA,7562883794547133214,Bad Bunny will be a performer at the 2026 Super Bowl LX Halftime Show on Apple Music. #news #badbunny #superbowl #noticiastiktok #MLB,"superbowl,news,mlb,badbunny,noticiastiktok",NA,https://www.tiktok.com/@bunnimullen6/video/7562878521228512542,2025-10-23 09:34:03.560553,2025-10-23,loaded_from_23h_cache
7562878322330438942,ddvz4ynsa5,1473,0,0,26,US,2025-10-19 10:31:35,NA,7562878312939391775,Bad Bunny will be a performer at the 2026 Super Bowl LX Halftime Show on Apple Music. #news #badbunny #superbowl #noticiastiktok #MLB,"superbowl,news,mlb,badbunny,noticiastiktok",NA,https://www.tiktok.com/@ddvz4ynsa5/video/7562878322330438942,2025-10-23 09:34:03.560553,2025-10-23,loaded_from_23h_cache
7562878265682103582,ggddyv777553,88123,2,7,673,US,2025-10-19 10:31:12,NA,7562878177509526302,Bad Bunny will be a performer at the 2026 Super Bowl LX Halftime Show on Apple Music. #news #badbunny #superbowl #noticiastiktok #MLB,"superbowl,news,mlb,badbunny,noticiastiktok",NA,https://www.tiktok.com/@ggddyv777553/video/7562878265682103582,2025-10-23 09:34:03.560553,2025-10-23,loaded_from_23h_cache
7562878234489015582,ibnjgnmpv3,7108,0,0,17,US,2025-10-19 10:31:12,NA,7562878272959204126,Bad Bunny will be a performer at the 2026 Super Bowl LX Halftime Show on Apple Music. #news #badbunny #superbowl #noticiastiktok #MLB,"superbowl,news,mlb,badbunny,noticiastiktok",NA,https://www.tiktok.com/@ibnjgnmpv3/video/7562878234489015582,2025-10-23 09:34:03.560553,2025-10-23,loaded_from_23h_cache
7562878208056511774,pauliewhitehead1,11883,0,0,131,US,2025-10-19 10:31:14,NA,7562883465964686110,Bad Bunny will be a performer at the 2026 Super Bowl LX Halftime Show on Apple Music. #news #badbunny #superbowl #noticiastiktok #MLB,"superbowl,news,mlb,badbunny,noticiastiktok",NA,https://www.tiktok.com/@pauliewhitehead1/video/7562878208056511774,2025-10-23 09:34:03.560553,2025-10-23,loaded_from_23h_cache
7562878188083285278,koressabrock0,136446,0,2,2715,US,2025-10-19 10:31:05,NA,7562883276776540958,Bad Bunny will be a performer at the 2026 Super Bowl LX Halftime Show on Apple Music. #news #badbunny #superbowl #noticiastiktok #MLB,"superbowl,news,mlb,badbunny,noticiastiktok",NA,https://www.tiktok.com/@koressabrock0/video/7562878188083285278,2025-10-23 09:34:03.560553,2025-10-23,loaded_from_23h_cache
7562878178964884766,zr2hunhqm3,6624,1,0,49,US,2025-10-19 10:31:23,NA,7562878325601930015,Bad Bunny will be a performer at the 2026 Super Bowl LX Halftime Show on Apple Music. #news #badbunny #superbowl #noticiastiktok #MLB,"superbowl,news,mlb,badbunny,noticiastiktok",NA,https://www.tiktok.com/@zr2hunhqm3/video/7562878178964884766,2025-10-23 09:34:03.560553,2025-10-23,loaded_from_23h_cache
7562878174661479711,bunnimullen6,3569,0,0,50,US,2025-10-19 10:31:10,NA,7562883385413094175,Bad Bunny will be a performer at the 2026 Super Bowl LX Halftime Show on Apple Music. #news #badbunny #superbowl #noticiastiktok #MLB,"superbowl,news,mlb,badbunny,noticiastiktok",NA,https://www.tiktok.com/@bunnimullen6/video/7562878174661479711,2025-10-23 09:34:03.560553,2025-10-23,loaded_from_23h_cache
7562878116322888990,annnorabalderas5,5815,0,2,23,US,2025-10-19 10:30:52,NA,7562883309538790174,Bad Bunny will be a performer at the 2026 Super Bowl LX Halftime Show on Apple Music. #news #badbunny #superbowl #noticiastiktok #MLB,"superbowl,news,mlb,badbunny,noticiastiktok",NA,https://www.tiktok.com/@annnorabalderas5/video/7562878116322888990,2025-10-23 09:34:03.560553,2025-10-23,loaded_from_23h_cache
7562878080927272222,nanciebeasley,4511,0,1,6,US,2025-10-19 10:30:39,NA,7562883344787065631,Bad Bunny will be a performer at the 2026 Super Bowl LX Halftime Show on Apple Music. #news #badbunny #superbowl #noticiastiktok #MLB,"superbowl,news,mlb,badbunny,noticiastiktok",NA,https://www.tiktok.com/@nanciebeasley/video/7562878080927272222,2025-10-23 09:34:03.560553,2025-10-23,loaded_from_23h_cache
7562878026497740062,jaquelindorsey,5803,0,1,42,US,2025-10-19 10:30:39,NA,7562883283378359070,Bad Bunny will be a performer at the 2026 Super Bowl LX Halftime Show on Apple Music. #news #badbunny #superbowl #noticiastiktok #MLB,"superbowl,news,mlb,badbunny,noticiastiktok",NA,https://www.tiktok.com/@jaquelindorsey/video/7562878026497740062,2025-10-23 09:34:03.560553,2025-10-23,loaded_from_23h_cache
7562878012761378078,jzkpohqfn2,21188,2,1,125,US,2025-10-19 10:30:23,NA,7562883156534217502,Bad Bunny will be a performer at the 2026 Super Bowl LX Halftime Show on Apple Music. #news #badbunny #superbowl #noticiastiktok #MLB,"superbowl,news,mlb,badbunny,noticiastiktok",NA,https://www.tiktok.com/@jzkpohqfn2/video/7562878012761378078,2025-10-23 09:34:03.560553,2025-10-23,loaded_from_23h_cache
7562877939545656607,jzkpohqfn2,107276,18,29,1157,US,2025-10-19 10:30:23,NA,7562883233059179294,Bad Bunny will be a performer at the 2026 Super Bowl LX Halftime Show on Apple Music. #news #badbunny #superbowl #noticiastiktok #MLB,"superbowl,news,mlb,badbunny,noticiastiktok",NA,https://www.tiktok.com/@jzkpohqfn2/video/7562877939545656607,2025-10-23 09:34:03.560553,2025-10-23,loaded_from_23h_cache
7562877926815927582,koressabrock0,7984,0,0,69,US,2025-10-19 10:30:19,NA,7562888377494817567,Bad Bunny will be a performer at the 2026 Super Bowl LX Halftime Show on Apple Music. #news #badbunny #superbowl #noticiastiktok #MLB,"superbowl,news,mlb,badbunny,noticiastiktok",NA,https://www.tiktok.com/@koressabrock0/video/7562877926815927582,2025-10-23 09:34:03.560553,2025-10-23,loaded_from_23h_cache
7562877758926343454,nanciebeasley,10416,3,1,67,US,2025-10-19 10:29:21,NA,7562888328622639902,Bad Bunny will be a performer at the 2026 Super Bowl LX Halftime Show on Apple Music. #news #badbunny #superbowl #noticiastiktok #MLB,"superbowl,news,mlb,badbunny,noticiastiktok",NA,https://www.tiktok.com/@nanciebeasley/video/7562877758926343454,2025-10-23 09:34:03.560553,2025-10-23,loaded_from_23h_cache
7562877648427388190,jaquelindorsey,4474,0,0,13,US,2025-10-19 10:29:10,NA,7562888237707037471,Bad Bunny will be a performer at the 2026 Super Bowl LX Halftime Show on Apple Music. #news #badbunny #superbowl #noticiastiktok #MLB,"superbowl,news,mlb,badbunny,noticiastiktok",NA,https://www.tiktok.com/@jaquelindorsey/video/7562877648427388190,2025-10-23 09:34:03.560553,2025-10-23,loaded_from_23h_cache
7563028874112634126,shjsdjdzsbaj,900,1,0,66,US,2025-10-19 20:15:11,NA,7563029038747437837,Kondisi terkini mushola PONPES Al Khoziny Sidoarjo ambruk saat salat ashar #jtvjember #evakuasi #sidoarjo #fyp,"fyp,sidoarjo,evakuasi,jtvjember",NA,https://www.tiktok.com/@shjsdjdzsbaj/video/7563028874112634126,2025-10-23 09:34:03.560553,2025-10-23,loaded_from_23h_cache
7563028703463132471,shjsdjdzsbaj,492,0,0,42,US,2025-10-19 20:14:30,NA,7563028764432190221,Kondisi terkini mushola PONPES Al Khoziny Sidoarjo ambruk saat salat ashar #jtvjember #evakuasi #sidoarjo #fyp,"fyp,sidoarjo,evakuasi,jtvjember",NA,https://www.tiktok.com/@shjsdjdzsbaj/video/7563028703463132471,2025-10-23 09:34:03.560553,2025-10-23,loaded_from_23h_cache
7563028536873848078,sbh8thore6,958,1,0,71,US,2025-10-19 20:13:58,NA,7563028614451628814,Kondisi terkini mushola PONPES Al Khoziny Sidoarjo ambruk saat salat ashar #jtvjember #evakuasi #sidoarjo #fyp,"fyp,sidoarjo,evakuasi,jtvjember",NA,https://www.tiktok.com/@sbh8thore6/video/7563028536873848078,2025-10-23 09:34:03.560553,2025-10-23,loaded_from_23h_cache
7563028498911137054,ch7v5l4io5,964,0,1,90,US,2025-10-19 20:13:30,NA,7563033596013988639,Kondisi terkini mushola PONPES Al Khoziny Sidoarjo ambruk saat salat ashar #jtvjember #evakuasi #sidoarjo #fyp,"fyp,sidoarjo,evakuasi,jtvjember",NA,https://www.tiktok.com/@ch7v5l4io5/video/7563028498911137054,2025-10-23 09:34:03.560553,2025-10-23,loaded_from_23h_cache
7563028443688865055,ch7v5l4io5,4171,0,0,318,US,2025-10-19 20:13:17,NA,7563033555849890591,Kondisi terkini mushola PONPES Al Khoziny Sidoarjo ambruk saat salat ashar #jtvjember #evakuasi #sidoarjo #fyp,"fyp,sidoarjo,evakuasi,jtvjember",NA,https://www.tiktok.com/@ch7v5l4io5/video/7563028443688865055,2025-10-23 09:34:03.560553,2025-10-23,loaded_from_23h_cache
7563028439784000781,shjsdjdzsbaj,627,0,0,54,US,2025-10-19 20:13:36,NA,7563028574349822734,Kondisi terkini mushola PONPES Al Khoziny Sidoarjo ambruk saat salat ashar #jtvjember #evakuasi #sidoarjo #fyp,"fyp,sidoarjo,evakuasi,jtvjember",NA,https://www.tiktok.com/@shjsdjdzsbaj/video/7563028439784000781,2025-10-23 09:34:03.560553,2025-10-23,loaded_from_23h_cache
7563028283449773325,sbh8thore6,34,0,0,1,US,2025-10-19 20:12:54,NA,7563028379860077325,Kondisi terkini mushola PONPES Al Khoziny Sidoarjo ambruk saat salat ashar #jtvjember #evakuasi #sidoarjo #fyp,"fyp,sidoarjo,evakuasi,jtvjember",NA,https://www.tiktok.com/@sbh8thore6/video/7563028283449773325,2025-10-23 09:34:03.560553,2025-10-23,loaded_from_23h_cache
7563028019636456734,ch7v5l4io5,1126,0,0,108,US,2025-10-19 20:11:38,NA,7563038448047622943,Kondisi terkini mushola PONPES Al Khoziny Sidoarjo ambruk saat salat ashar #jtvjember #evakuasi #sidoarjo #fyp,"fyp,sidoarjo,evakuasi,jtvjember",NA,https://www.tiktok.com/@ch7v5l4io5/video/7563028019636456734,2025-10-23 09:34:03.560553,2025-10-23,loaded_from_23h_cache
7563027865034427661,sbh8thore6,816,0,0,65,US,2025-10-19 20:11:29,NA,7563028024158063374,Kondisi terkini mushola PONPES Al Khoziny Sidoarjo ambruk saat salat ashar #jtvjember #evakuasi #sidoarjo #fyp,"fyp,sidoarjo,evakuasi,jtvjember",NA,https://www.tiktok.com/@sbh8thore6/video/7563027865034427661,2025-10-23 09:34:03.560553,2025-10-23,loaded_from_23h_cache
7563027649900088631,ob3axkf1z0,996,1,0,122,US,2025-10-19 20:10:23,NA,7563027750127291191,Kondisi terkini mushola PONPES Al Khoziny Sidoarjo ambruk saat salat ashar #jtvjember #evakuasi #sidoarjo #fyp,"fyp,sidoarjo,evakuasi,jtvjember",NA,https://www.tiktok.com/@ob3axkf1z0/video/7563027649900088631,2025-10-23 09:34:03.560553,2025-10-23,loaded_from_23h_cache
7563027490277494046,xiaolea104,7229,1,2,275,US,2025-10-19 20:09:34,NA,7563032641658735391,Kondisi terkini mushola PONPES Al Khoziny Sidoarjo ambruk saat salat ashar #jtvjember #evakuasi #sidoarjo #fyp,"fyp,sidoarjo,evakuasi,jtvjember",NA,https://www.tiktok.com/@xiaolea104/video/7563027490277494046,2025-10-23 09:34:03.560553,2025-10-23,loaded_from_23h_cache
7563027073032391950,ob3axkf1z0,711,0,0,145,US,2025-10-19 20:08:12,NA,7563027207380159245,Kondisi terkini mushola PONPES Al Khoziny Sidoarjo ambruk saat salat ashar #jtvjember #evakuasi #sidoarjo #fyp,"fyp,sidoarjo,evakuasi,jtvjember",NA,https://www.tiktok.com/@ob3axkf1z0/video/7563027073032391950,2025-10-23 09:34:03.560553,2025-10-23,loaded_from_23h_cache
7563027071392353566,xbzysniyg3,466,0,0,58,US,2025-10-19 20:08:00,NA,7563037701188930335,Kondisi terkini mushola PONPES Al Khoziny Sidoarjo ambruk saat salat ashar #jtvjember #evakuasi #sidoarjo #fyp,"fyp,sidoarjo,evakuasi,jtvjember",NA,https://www.tiktok.com/@xbzysniyg3/video/7563027071392353566,2025-10-23 09:34:03.560553,2025-10-23,loaded_from_23h_cache
7563027003889175839,uqf44a8xq0,84513,35,21,1804,US,2025-10-19 20:07:38,NA,7563032145254501151,Kondisi terkini mushola PONPES Al Khoziny Sidoarjo ambruk saat salat ashar #jtvjember #evakuasi #sidoarjo #fyp,"fyp,sidoarjo,evakuasi,jtvjember",NA,https://www.tiktok.com/@uqf44a8xq0/video/7563027003889175839,2025-10-23 09:34:03.560553,2025-10-23,loaded_from_23h_cache
7563026945600965918,xbzysniyg3,1122,0,0,128,US,2025-10-19 20:07:29,NA,7563037725448768287,Kondisi terkini mushola PONPES Al Khoziny Sidoarjo ambruk saat salat ashar #jtvjember #evakuasi #sidoarjo #fyp,"fyp,sidoarjo,evakuasi,jtvjember",NA,https://www.tiktok.com/@xbzysniyg3/video/7563026945600965918,2025-10-23 09:34:03.560553,2025-10-23,loaded_from_23h_cache
7563026902370290974,uqf44a8xq0,462792,54,108,7933,US,2025-10-19 20:07:17,NA,7563032052342393631,Kondisi terkini mushola PONPES Al Khoziny Sidoarjo ambruk saat salat ashar #jtvjember #evakuasi #sidoarjo #fyp,"fyp,sidoarjo,evakuasi,jtvjember",NA,https://www.tiktok.com/@uqf44a8xq0/video/7563026902370290974,2025-10-23 09:34:03.560553,2025-10-23,loaded_from_23h_cache
7563026883378531615,cfguaharf9,196955,58,25,6562,US,2025-10-19 20:07:17,NA,7563037874497571614,Kondisi terkini mushola PONPES Al Khoziny Sidoarjo ambruk saat salat ashar #jtvjember #evakuasi #sidoarjo #fyp,"fyp,sidoarjo,evakuasi,jtvjember",NA,https://www.tiktok.com/@cfguaharf9/video/7563026883378531615,2025-10-23 09:34:03.560553,2025-10-23,loaded_from_23h_cache
7563026878827679006,xiaolea104,13494,2,1,260,US,2025-10-19 20:07:14,NA,7563032059594214175,Kondisi terkini mushola PONPES Al Khoziny Sidoarjo ambruk saat salat ashar #jtvjember #evakuasi #sidoarjo #fyp,"fyp,sidoarjo,evakuasi,jtvjember",NA,https://www.tiktok.com/@xiaolea104/video/7563026878827679006,2025-10-23 09:34:03.560553,2025-10-23,loaded_from_23h_cache
7563026863644265741,ob3axkf1z0,13,0,0,0,US,2025-10-19 20:07:25,NA,7563027049602878222,Kondisi terkini mushola PONPES Al Khoziny Sidoarjo ambruk saat salat ashar #jtvjember #evakuasi #sidoarjo #fyp,"fyp,sidoarjo,evakuasi,jtvjember",NA,https://www.tiktok.com/@ob3axkf1z0/video/7563026863644265741,2025-10-23 09:34:03.560553,2025-10-23,loaded_from_23h_cache
7563026725869833503,cfguaharf9,57254,2,2,1315,US,2025-10-19 20:06:40,NA,7563037840583150366,Kondisi terkini mushola PONPES Al Khoziny Sidoarjo ambruk saat salat ashar #jtvjember #evakuasi #sidoarjo #fyp,"fyp,sidoarjo,evakuasi,jtvjember",NA,https://www.tiktok.com/@cfguaharf9/video/7563026725869833503,2025-10-23 09:34:03.560553,2025-10-23,loaded_from_23h_cache
7563026722761772318,xiaolea104,4491,0,1,112,US,2025-10-19 20:06:36,NA,7563031837858155294,Kondisi terkini mushola PONPES Al Khoziny Sidoarjo ambruk saat salat ashar #jtvjember #evakuasi #sidoarjo #fyp,"fyp,sidoarjo,evakuasi,jtvjember",NA,https://www.tiktok.com/@xiaolea104/video/7563026722761772318,2025-10-23 09:34:03.560553,2025-10-23,loaded_from_23h_cache
7563026671117307167,cfguaharf9,14611,1,2,346,US,2025-10-19 20:06:22,NA,7563037936292252446,Kondisi terkini mushola PONPES Al Khoziny Sidoarjo ambruk saat salat ashar #jtvjember #evakuasi #sidoarjo #fyp,"fyp,sidoarjo,evakuasi,jtvjember",NA,https://www.tiktok.com/@cfguaharf9/video/7563026671117307167,2025-10-23 09:34:03.560553,2025-10-23,loaded_from_23h_cache
7563026462169648414,xbzysniyg3,4816,0,2,168,US,2025-10-19 20:05:33,NA,7563037763654732575,Kondisi terkini mushola PONPES Al Khoziny Sidoarjo ambruk saat salat ashar #jtvjember #evakuasi #sidoarjo #fyp,"fyp,sidoarjo,evakuasi,jtvjember",NA,https://www.tiktok.com/@xbzysniyg3/video/7563026462169648414,2025-10-23 09:34:03.560553,2025-10-23,loaded_from_23h_cache
7563000193252166942,nfnxhu777,72,0,0,2,US,2025-10-19 18:23:41,NA,7563005351480199967,Kondisi terkini mushola PONPES Al Khoziny Sidoarjo ambruk saat salat ashar#jtvjember #evakuasi #sidoarjo #fyp,"fyp,sidoarjo,evakuasi,jtvjember",NA,https://www.tiktok.com/@nfnxhu777/video/7563000193252166942,2025-10-23 09:34:03.560553,2025-10-23,loaded_from_23h_cache
7563000132329884941,vuv1vfggp8,67,0,0,1,US,2025-10-19 18:23:41,NA,7563000250768657165,Kondisi terkini mushola PONPES Al Khoziny Sidoarjo ambruk saat salat ashar#jtvjember #evakuasi #sidoarjo #fyp,"fyp,sidoarjo,evakuasi,jtvjember",NA,https://www.tiktok.com/@vuv1vfggp8/video/7563000132329884941,2025-10-23 09:34:03.560553,2025-10-23,loaded_from_23h_cache
7563000078344949022,nfnxhu777,85,0,0,1,US,2025-10-19 18:23:10,NA,7563005210705120031,Kondisi terkini mushola PONPES Al Khoziny Sidoarjo ambruk saat salat ashar#jtvjember #evakuasi #sidoarjo #fyp,"fyp,sidoarjo,evakuasi,jtvjember",NA,https://www.tiktok.com/@nfnxhu777/video/7563000078344949022,2025-10-23 09:34:03.560553,2025-10-23,loaded_from_23h_cache
7563000011043163406,vuv1vfggp8,154,0,0,3,US,2025-10-19 18:23:11,NA,7563000121748294413,Kondisi terkini mushola PONPES Al Khoziny Sidoarjo ambruk saat salat ashar#jtvjember #evakuasi #sidoarjo #fyp,"fyp,sidoarjo,evakuasi,jtvjember",NA,https://www.tiktok.com/@vuv1vfggp8/video/7563000011043163406,2025-10-23 09:34:03.560553,2025-10-23,loaded_from_23h_cache
7562999900225457439,nfnxhu777,452,0,1,14,US,2025-10-19 18:22:31,NA,7563005036477877023,Kondisi terkini mushola PONPES Al Khoziny Sidoarjo ambruk saat salat ashar#jtvjember #evakuasi #sidoarjo #fyp,"fyp,sidoarjo,evakuasi,jtvjember",NA,https://www.tiktok.com/@nfnxhu777/video/7562999900225457439,2025-10-23 09:34:03.560553,2025-10-23,loaded_from_23h_cache
7562998647453994271,ykl31qq4m1,8112,0,1,131,US,2025-10-19 18:17:42,NA,7563003791696530206,Kondisi terkini mushola PONPES Al Khoziny Sidoarjo ambruk saat salat ashar #jtvjember #evakuasi #sidoarjo #fyp,"fyp,sidoarjo,evakuasi,jtvjember",NA,https://www.tiktok.com/@ykl31qq4m1/video/7562998647453994271,2025-10-23 09:34:03.560553,2025-10-23,loaded_from_23h_cache
7562998536309099806,ducquanbui7,1795,0,0,59,US,2025-10-19 18:17:14,NA,7562998538465037086,Kondisi terkini mushola PONPES Al Khoziny Sidoarjo ambruk saat salat ashar #jtvjember #evakuasi #sidoarjo #fyp,"fyp,sidoarjo,evakuasi,jtvjember",NA,https://www.tiktok.com/@ducquanbui7/video/7562998536309099806,2025-10-23 09:34:03.560553,2025-10-23,loaded_from_23h_cache
7562998419384454431,ducquanbui7,39620,1,6,325,US,2025-10-19 18:16:41,NA,7562998407522945823,Kondisi terkini mushola PONPES Al Khoziny Sidoarjo ambruk saat salat ashar #jtvjember #evakuasi #sidoarjo #fyp,"fyp,sidoarjo,evakuasi,jtvjember",NA,https://www.tiktok.com/@ducquanbui7/video/7562998419384454431,2025-10-23 09:34:03.560553,2025-10-23,loaded_from_23h_cache
7562998353760406814,ducquanbui7,1033,0,0,136,US,2025-10-19 18:16:27,NA,7562998306918517534,Kondisi terkini mushola PONPES Al Khoziny Sidoarjo ambruk saat salat ashar #jtvjember #evakuasi #sidoarjo #fyp,"fyp,sidoarjo,evakuasi,jtvjember",NA,https://www.tiktok.com/@ducquanbui7/video/7562998353760406814,2025-10-23 09:34:03.560553,2025-10-23,loaded_from_23h_cache
7562998311339298079,layer.jdy,1005,0,2,37,US,2025-10-19 18:16:24,NA,7562998298529893151,Kondisi terkini mushola PONPES Al Khoziny Sidoarjo ambruk saat salat ashar #jtvjember #evakuasi #sidoarjo #fyp,"fyp,sidoarjo,evakuasi,jtvjember",NA,https://www.tiktok.com/@layer.jdy/video/7562998311339298079,2025-10-23 09:34:03.560553,2025-10-23,loaded_from_23h_cache
7562998177893322014,layer.jdy,718,0,0,21,US,2025-10-19 18:15:48,NA,7562998173027814175,Kondisi terkini mushola PONPES Al Khoziny Sidoarjo ambruk saat salat ashar #jtvjember #evakuasi #sidoarjo #fyp,"fyp,sidoarjo,evakuasi,jtvjember",NA,https://www.tiktok.com/@layer.jdy/video/7562998177893322014,2025-10-23 09:34:03.560553,2025-10-23,loaded_from_23h_cache
7562998141583232286,ykl31qq4m1,1087328,43,87,54383,US,2025-10-19 18:15:41,NA,7563003297729596190,Kondisi terkini mushola PONPES Al Khoziny Sidoarjo ambruk saat salat ashar #jtvjember #evakuasi #sidoarjo #fyp,"fyp,sidoarjo,evakuasi,jtvjember",NA,https://www.tiktok.com/@ykl31qq4m1/video/7562998141583232286,2025-10-23 09:34:03.560553,2025-10-23,loaded_from_23h_cache
7562998036750765343,layer.jdy,838,0,0,24,US,2025-10-19 18:15:19,NA,7562998014634134302,Kondisi terkini mushola PONPES Al Khoziny Sidoarjo ambruk saat salat ashar #jtvjember #evakuasi #sidoarjo #fyp,"fyp,sidoarjo,evakuasi,jtvjember",NA,https://www.tiktok.com/@layer.jdy/video/7562998036750765343,2025-10-23 09:34:03.560553,2025-10-23,loaded_from_23h_cache
7562997522755505422,mengpoi678,155,0,0,0,US,2025-10-19 18:13:30,NA,7562997622592654094,Kondisi terkini mushola PONPES Al Khoziny Sidoarjo ambruk saat salat ashar#jtvjember #evakuasi #sidoarjo #fyp,"fyp,sidoarjo,evakuasi,jtvjember",NA,https://www.tiktok.com/@mengpoi678/video/7562997522755505422,2025-10-23 09:34:03.560553,2025-10-23,loaded_from_23h_cache
7562997507219901726,k9ox9guhi1,36,0,0,1,US,2025-10-19 18:13:14,NA,7563002784438618911,Kondisi terkini mushola PONPES Al Khoziny Sidoarjo ambruk saat salat ashar#jtvjember #evakuasi #sidoarjo #fyp,"fyp,sidoarjo,evakuasi,jtvjember",NA,https://www.tiktok.com/@k9ox9guhi1/video/7562997507219901726,2025-10-23 09:34:03.560553,2025-10-23,loaded_from_23h_cache
7562997486814579981,mengpoi678,863,0,0,41,US,2025-10-19 18:13:27,NA,7562997594021038903,Kondisi terkini mushola PONPES Al Khoziny Sidoarjo ambruk saat salat ashar#jtvjember #evakuasi #sidoarjo #fyp,"fyp,sidoarjo,evakuasi,jtvjember",NA,https://www.tiktok.com/@mengpoi678/video/7562997486814579981,2025-10-23 09:34:03.560553,2025-10-23,loaded_from_23h_cache
7562997239245720862,k9ox9guhi1,52,0,0,0,US,2025-10-19 18:12:13,NA,7562997269352811295,Kondisi terkini mushola PONPES Al Khoziny Sidoarjo ambruk saat salat ashar#jtvjember #evakuasi #sidoarjo #fyp,"fyp,sidoarjo,evakuasi,jtvjember",NA,https://www.tiktok.com/@k9ox9guhi1/video/7562997239245720862,2025-10-23 09:34:03.560553,2025-10-23,loaded_from_23h_cache
7562997100447796493,pojhfd6665,23,0,0,1,US,2025-10-19 18:11:46,NA,7562997197894093582,Kondisi terkini mushola PONPES Al Khoziny Sidoarjo ambruk saat salat ashar#jtvjember #evakuasi #sidoarjo #fyp,"fyp,sidoarjo,evakuasi,jtvjember",NA,https://www.tiktok.com/@pojhfd6665/video/7562997100447796493,2025-10-23 09:34:03.560553,2025-10-23,loaded_from_23h_cache
7562997069556878623,k9ox9guhi1,88,0,0,0,US,2025-10-19 18:11:35,NA,7563002225627351838,Kondisi terkini mushola PONPES Al Khoziny Sidoarjo ambruk saat salat ashar#jtvjember #evakuasi #sidoarjo #fyp,"fyp,sidoarjo,evakuasi,jtvjember",NA,https://www.tiktok.com/@k9ox9guhi1/video/7562997069556878623,2025-10-23 09:34:03.560553,2025-10-23,loaded_from_23h_cache
7562996949092224311,pojhfd6665,1026,0,0,51,US,2025-10-19 18:11:24,NA,7562997093732764430,Kondisi terkini mushola PONPES Al Khoziny Sidoarjo ambruk saat salat ashar#jtvjember #evakuasi #sidoarjo #fyp,"fyp,sidoarjo,evakuasi,jtvjember",NA,https://www.tiktok.com/@pojhfd6665/video/7562996949092224311,2025-10-23 09:34:03.560553,2025-10-23,loaded_from_23h_cache
7562990860846058783,gwe0rj5m49,169,1,0,4,US,2025-10-19 17:47:25,NA,7562995995085851423,Kondisi terkini mushola PONPES Al Khoziny Sidoarjo ambruk saat salat ashar #jtvjember #evakuasi #sidoarjo #fyp,"fyp,sidoarjo,evakuasi,jtvjember",NA,https://www.tiktok.com/@gwe0rj5m49/video/7562990860846058783,2025-10-23 09:34:03.560553,2025-10-23,loaded_from_23h_cache
7562988168417414431,dosuzm8bx1,5507,1,1,91,US,2025-10-19 17:36:58,NA,7562993262454262558,Kondisi terkini mushola PONPES Al Khoziny Sidoarjo ambruk saat salat ashar #jtvjember #evakuasi #sidoarjo #fyp,"fyp,sidoarjo,evakuasi,jtvjember",NA,https://www.tiktok.com/@dosuzm8bx1/video/7562988168417414431,2025-10-23 09:34:03.560553,2025-10-23,loaded_from_23h_cache
7562988102302682382,pdp6pcxzb1,124,0,0,3,US,2025-10-19 17:36:59,NA,7562988173786221326,Kondisi terkini mushola PONPES Al Khoziny Sidoarjo ambruk saat salat ashar #jtvjember #evakuasi #sidoarjo #fyp,"fyp,sidoarjo,evakuasi,jtvjember",NA,https://www.tiktok.com/@pdp6pcxzb1/video/7562988102302682382,2025-10-23 09:34:03.560553,2025-10-23,loaded_from_23h_cache
7562987824698412319,dosuzm8bx1,5358,0,0,120,US,2025-10-19 17:35:41,NA,7562990316085709598,Kondisi terkini mushola PONPES Al Khoziny Sidoarjo ambruk saat salat ashar #jtvjember #evakuasi #sidoarjo #fyp,"fyp,sidoarjo,evakuasi,jtvjember",NA,https://www.tiktok.com/@dosuzm8bx1/video/7562987824698412319,2025-10-23 09:34:03.560553,2025-10-23,loaded_from_23h_cache
7562987802175016206,dscthbujg666,847,0,0,73,US,2025-10-19 17:35:48,NA,7562987895540288270,Kondisi terkini mushola PONPES Al Khoziny Sidoarjo ambruk saat salat ashar #jtvjember #evakuasi #sidoarjo #fyp,"fyp,sidoarjo,evakuasi,jtvjember",NA,https://www.tiktok.com/@dscthbujg666/video/7562987802175016206,2025-10-23 09:34:03.560553,2025-10-23,loaded_from_23h_cache
7562987794612735263,gwe0rj5m49,4402,0,2,119,US,2025-10-19 17:35:36,NA,7562992938339306271,Kondisi terkini mushola PONPES Al Khoziny Sidoarjo ambruk saat salat ashar #jtvjember #evakuasi #sidoarjo #fyp,"fyp,sidoarjo,evakuasi,jtvjember",NA,https://www.tiktok.com/@gwe0rj5m49/video/7562987794612735263,2025-10-23 09:34:03.560553,2025-10-23,loaded_from_23h_cache
7562987760286453047,pdp6pcxzb1,328,0,0,16,US,2025-10-19 17:35:40,NA,7562987841656015629,Kondisi terkini mushola PONPES Al Khoziny Sidoarjo ambruk saat salat ashar #jtvjember #evakuasi #sidoarjo #fyp,"fyp,sidoarjo,evakuasi,jtvjember",NA,https://www.tiktok.com/@pdp6pcxzb1/video/7562987760286453047,2025-10-23 09:34:03.560553,2025-10-23,loaded_from_23h_cache
7562987707383811341,dscthbujg666,129,0,0,7,US,2025-10-19 17:35:31,NA,7562987822894861069,Kondisi terkini mushola PONPES Al Khoziny Sidoarjo ambruk saat salat ashar #jtvjember #evakuasi #sidoarjo #fyp,"fyp,sidoarjo,evakuasi,jtvjember",NA,https://www.tiktok.com/@dscthbujg666/video/7562987707383811341,2025-10-23 09:34:03.560553,2025-10-23,loaded_from_23h_cache
7562987523165670686,gwe0rj5m49,7922,0,1,279,US,2025-10-19 17:34:26,NA,7562992671891950367,Kondisi terkini mushola PONPES Al Khoziny Sidoarjo ambruk saat salat ashar #jtvjember #evakuasi #sidoarjo #fyp,"fyp,sidoarjo,evakuasi,jtvjember",NA,https://www.tiktok.com/@gwe0rj5m49/video/7562987523165670686,2025-10-23 09:34:03.560553,2025-10-23,loaded_from_23h_cache
7562987479272344863,dosuzm8bx1,1529,0,0,62,US,2025-10-19 17:34:20,NA,7562992636576008990,Kondisi terkini mushola PONPES Al Khoziny Sidoarjo ambruk saat salat ashar #jtvjember #evakuasi #sidoarjo #fyp,"fyp,sidoarjo,evakuasi,jtvjember",NA,https://www.tiktok.com/@dosuzm8bx1/video/7562987479272344863,2025-10-23 09:34:03.560553,2025-10-23,loaded_from_23h_cache
7562987399337250061,dscthbujg666,697,0,0,57,US,2025-10-19 17:34:10,NA,7562987442219780919,Kondisi terkini mushola PONPES Al Khoziny Sidoarjo ambruk saat salat ashar #jtvjember #evakuasi #sidoarjo #fyp,"fyp,sidoarjo,evakuasi,jtvjember",NA,https://www.tiktok.com/@dscthbujg666/video/7562987399337250061,2025-10-23 09:34:03.560553,2025-10-23,loaded_from_23h_cache
7562987397223402807,pdp6pcxzb1,387,0,1,21,US,2025-10-19 17:34:15,NA,7562987507613829901,Kondisi terkini mushola PONPES Al Khoziny Sidoarjo ambruk saat salat ashar #jtvjember #evakuasi #sidoarjo #fyp,"fyp,sidoarjo,evakuasi,jtvjember",NA,https://www.tiktok.com/@pdp6pcxzb1/video/7562987397223402807,2025-10-23 09:34:03.560553,2025-10-23,loaded_from_23h_cache
7562987380756581663,will.hopkin49,1164,0,0,144,US,2025-10-19 17:33:56,NA,7562992564035455775,Kondisi terkini mushola PONPES Al Khoziny Sidoarjo ambruk saat salat ashar #jtvjember #evakuasi #sidoarjo #fyp,"fyp,sidoarjo,evakuasi,jtvjember",NA,https://www.tiktok.com/@will.hopkin49/video/7562987380756581663,2025-10-23 09:34:03.560553,2025-10-23,loaded_from_23h_cache
7562987360896470303,will.hopkin49,9015,0,2,94,US,2025-10-19 17:33:49,NA,7562992501494254366,Kondisi terkini mushola PONPES Al Khoziny Sidoarjo ambruk saat salat ashar #jtvjember #evakuasi #sidoarjo #fyp,"fyp,sidoarjo,evakuasi,jtvjember",NA,https://www.tiktok.com/@will.hopkin49/video/7562987360896470303,2025-10-23 09:34:03.560553,2025-10-23,loaded_from_23h_cache
7562987317489569055,jbfdraegf9,65424,7,18,1297,US,2025-10-19 17:33:37,NA,7562992462600391455,Kondisi terkini mushola PONPES Al Khoziny Sidoarjo ambruk saat salat ashar #jtvjember #evakuasi #sidoarjo #fyp,"fyp,sidoarjo,evakuasi,jtvjember",NA,https://www.tiktok.com/@jbfdraegf9/video/7562987317489569055,2025-10-23 09:34:03.560553,2025-10-23,loaded_from_23h_cache
7562987315300158750,cngiqr1ju3,4830,0,3,174,US,2025-10-19 17:33:38,NA,7562992410293979935,Kondisi terkini mushola PONPES Al Khoziny Sidoarjo ambruk saat salat ashar #jtvjember #evakuasi #sidoarjo #fyp,"fyp,sidoarjo,evakuasi,jtvjember",NA,https://www.tiktok.com/@cngiqr1ju3/video/7562987315300158750,2025-10-23 09:34:03.560553,2025-10-23,loaded_from_23h_cache
7562986798545227039,jbfdraegf9,2480,0,0,77,US,2025-10-19 17:31:40,NA,7562991896478436127,Kondisi terkini mushola PONPES Al Khoziny Sidoarjo ambruk saat salat ashar #jtvjember #evakuasi #sidoarjo #fyp,"fyp,sidoarjo,evakuasi,jtvjember",NA,https://www.tiktok.com/@jbfdraegf9/video/7562986798545227039,2025-10-23 09:34:03.560553,2025-10-23,loaded_from_23h_cache
7562986776437083422,cngiqr1ju3,6627,0,1,346,US,2025-10-19 17:31:37,NA,7562991928598481694,Kondisi terkini mushola PONPES Al Khoziny Sidoarjo ambruk saat salat ashar #jtvjember #evakuasi #sidoarjo #fyp,"fyp,sidoarjo,evakuasi,jtvjember",NA,https://www.tiktok.com/@cngiqr1ju3/video/7562986776437083422,2025-10-23 09:34:03.560553,2025-10-23,loaded_from_23h_cache
7562986425075911966,jbfdraegf9,39033,4,10,1619,US,2025-10-19 17:30:12,NA,7562991568697690910,Kondisi terkini mushola PONPES Al Khoziny Sidoarjo ambruk saat salat ashar #jtvjember #evakuasi #sidoarjo #fyp,"fyp,sidoarjo,evakuasi,jtvjember",NA,https://www.tiktok.com/@jbfdraegf9/video/7562986425075911966,2025-10-23 09:34:03.560553,2025-10-23,loaded_from_23h_cache
7562986414120389919,cngiqr1ju3,2691,0,1,104,US,2025-10-19 17:30:12,NA,7562991561479359262,Kondisi terkini mushola PONPES Al Khoziny Sidoarjo ambruk saat salat ashar #jtvjember #evakuasi #sidoarjo #fyp,"fyp,sidoarjo,evakuasi,jtvjember",NA,https://www.tiktok.com/@cngiqr1ju3/video/7562986414120389919,2025-10-23 09:34:03.560553,2025-10-23,loaded_from_23h_cache
7562580871333678350,qhophvgycf89,348,1,8,37,US,2025-10-18 15:16:48,NA,7562580993425574669,"After 63 years, these lessons hit harder than ever. If one lands for you, itâ€™s because itâ€™s true.#wordsfrommemaw #truth #peace #survival #boundaries #creatorsearchinsights","truth,peace,survival,boundaries,creatorsearchinsights,wordsfrommemaw",NA,https://www.tiktok.com/@qhophvgycf89/video/7562580871333678350,2025-10-23 09:34:03.560553,2025-10-23,loaded_from_23h_cache
7562580786436738317,bpotdxeuh00,268,1,1,25,US,2025-10-18 15:16:31,NA,7562580896180620046,"After 63 years, these lessons hit harder than ever. If one lands for you, itâ€™s because itâ€™s true.#wordsfrommemaw #truth #peace #survival #boundaries #creatorsearchinsights","truth,peace,survival,boundaries,creatorsearchinsights,wordsfrommemaw",NA,https://www.tiktok.com/@bpotdxeuh00/video/7562580786436738317,2025-10-23 09:34:03.560553,2025-10-23,loaded_from_23h_cache
7562576093941730574,bpotdxeuh00,134,0,1,8,US,2025-10-18 14:58:28,NA,7562576271880768269,Funny how we chase what we already hold. Slow down. Breathe it in. Youâ€™re living part of the dream you once prayed for. #WordsFromMEMAW #Joy #Grateful #Goals #choose #creatorsearchinsights,"goals,joy,grateful,choose,creatorsearchinsights,wordsfrommemaw",NA,https://www.tiktok.com/@bpotdxeuh00/video/7562576093941730574,2025-10-23 09:34:03.560553,2025-10-23,loaded_from_23h_cache
7562576051751111949,qhophvgycf89,268,3,0,25,US,2025-10-18 14:58:02,NA,7562576198220466957,Funny how we chase what we already hold. Slow down. Breathe it in. Youâ€™re living part of the dream you once prayed for. #WordsFromMEMAW #Joy #Grateful #Goals #choose #creatorsearchinsights,"goals,joy,grateful,choose,creatorsearchinsights,wordsfrommemaw",NA,https://www.tiktok.com/@qhophvgycf89/video/7562576051751111949,2025-10-23 09:34:03.560553,2025-10-23,loaded_from_23h_cache
7562884856133192990,aafhpa6zc1,1624,1,0,4,US,2025-10-19 10:56:45,NA,7562884901242997535,KondisiterkinimusholaPONPESAlKhozinySidoarjoambruksaatsalatashar#jtvjember#evakuasi#sidoarjo#fyp,"fyp,sidoarjo,evakuasi,jtvjember",NA,https://www.tiktok.com/@aafhpa6zc1/video/7562884856133192990,2025-10-23 09:34:03.560553,2025-10-23,loaded_from_23h_cache
7562884746443853086,fcrpbfiio0,14,0,0,0,US,2025-10-19 10:56:29,NA,7562884734582410015,KondisiterkinimusholaPONPESAlKhozinySidoarjoambruksaatsalatashar#jtvjember#evakuasi#sidoarjo#fyp,"fyp,sidoarjo,evakuasi,jtvjember",NA,https://www.tiktok.com/@fcrpbfiio0/video/7562884746443853086,2025-10-23 09:34:03.560553,2025-10-23,loaded_from_23h_cache
7562884658954833182,aafhpa6zc1,179062,164,87,812,US,2025-10-19 10:56:03,NA,7562884673199065886,KondisiterkinimusholaPONPESAlKhozinySidoarjoambruksaatsalatashar#jtvjember#evakuasi#sidoarjo#fyp,"fyp,sidoarjo,evakuasi,jtvjember",NA,https://www.tiktok.com/@aafhpa6zc1/video/7562884658954833182,2025-10-23 09:34:03.560553,2025-10-23,loaded_from_23h_cache
7562884590872890655,fcrpbfiio0,28,0,0,0,US,2025-10-19 10:55:48,NA,7562884515950054174,KondisiterkinimusholaPONPESAlKhozinySidoarjoambruksaatsalatashar#jtvjember#evakuasi#sidoarjo#fyp,"fyp,sidoarjo,evakuasi,jtvjember",NA,https://www.tiktok.com/@fcrpbfiio0/video/7562884590872890655,2025-10-23 09:34:03.560553,2025-10-23,loaded_from_23h_cache
7562884458290908447,fcrpbfiio0,14,0,0,0,US,2025-10-19 10:55:18,NA,7562884478683712287,KondisiterkinimusholaPONPESAlKhozinySidoarjoambruksaatsalatashar#jtvjember#evakuasi#sidoarjo#fyp,"fyp,sidoarjo,evakuasi,jtvjember",NA,https://www.tiktok.com/@fcrpbfiio0/video/7562884458290908447,2025-10-23 09:34:03.560553,2025-10-23,loaded_from_23h_cache
7562881473854983454,hlkpvsqss6,59,0,0,1,US,2025-10-19 10:44:07,NA,7562881502116072223,KondisiterkinimusholaPONPESAlKhozinySidoarjoambruksaatsalatashar#jtvjember#evakuasi#sidoarjo#fyp,"fyp,sidoarjo,evakuasi,jtvjember",NA,https://www.tiktok.com/@hlkpvsqss6/video/7562881473854983454,2025-10-23 09:34:03.560553,2025-10-23,loaded_from_23h_cache
7562881420515904799,hlkpvsqss6,86,0,0,0,US,2025-10-19 10:43:26,NA,7562881375502633759,KondisiterkinimusholaPONPESAlKhozinySidoarjoambruksaatsalatashar#jtvjember#evakuasi#sidoarjo#fyp,"fyp,sidoarjo,evakuasi,jtvjember",NA,https://www.tiktok.com/@hlkpvsqss6/video/7562881420515904799,2025-10-23 09:34:03.560553,2025-10-23,loaded_from_23h_cache
7562881404485291295,hlkpvsqss6,92,0,0,0,US,2025-10-19 10:43:46,NA,7562881444964551455,KondisiterkinimusholaPONPESAlKhozinySidoarjoambruksaatsalatashar#jtvjember#evakuasi#sidoarjo#fyp,"fyp,sidoarjo,evakuasi,jtvjember",NA,https://www.tiktok.com/@hlkpvsqss6/video/7562881404485291295,2025-10-23 09:34:03.560553,2025-10-23,loaded_from_23h_cache
7562881364190579981,s4yei3zbg0,138,0,0,5,US,2025-10-19 10:44:04,NA,7562881749764672269,KondisiterkinimusholaPONPESAlKhozinySidoarjoambruksaatsalatashar#jtvjember#evakuasi#sidoarjo#fyp,"fyp,sidoarjo,evakuasi,jtvjember",NA,https://www.tiktok.com/@s4yei3zbg0/video/7562881364190579981,2025-10-23 09:34:03.560553,2025-10-23,loaded_from_23h_cache
7562881151812095287,s4yei3zbg0,288,0,0,6,US,2025-10-19 10:43:51,NA,7562881708396235534,KondisiterkinimusholaPONPESAlKhozinySidoarjoambruksaatsalatashar#jtvjember#evakuasi#sidoarjo#fyp,"fyp,sidoarjo,evakuasi,jtvjember",NA,https://www.tiktok.com/@s4yei3zbg0/video/7562881151812095287,2025-10-23 09:34:03.560553,2025-10-23,loaded_from_23h_cache
7562880941589302542,rkybjs4xt2,67,0,0,0,US,2025-10-19 10:42:34,NA,7562881385787198263,KondisiterkinimusholaPONPESAlKhozinySidoarjoambruksaatsalatashar#jtvjember#evakuasi#sidoarjo#fyp,"fyp,sidoarjo,evakuasi,jtvjember",NA,https://www.tiktok.com/@rkybjs4xt2/video/7562880941589302542,2025-10-23 09:34:03.560553,2025-10-23,loaded_from_23h_cache
7562880885704461582,s4yei3zbg0,128,0,0,0,US,2025-10-19 10:43:33,NA,7562881601827293966,KondisiterkinimusholaPONPESAlKhozinySidoarjoambruksaatsalatashar#jtvjember#evakuasi#sidoarjo#fyp,"fyp,sidoarjo,evakuasi,jtvjember",NA,https://www.tiktok.com/@s4yei3zbg0/video/7562880885704461582,2025-10-23 09:34:03.560553,2025-10-23,loaded_from_23h_cache
7562880878666337566,l9ula8jh71,306,1,3,20,US,2025-10-19 10:40:39,NA,7562880676606495519,KondisiterkinimusholaPONPESAlKhozinySidoarjoambruksaatsalatashar#jtvjember#evakuasi#sidoarjo#fyp,"fyp,sidoarjo,evakuasi,jtvjember",NA,https://www.tiktok.com/@l9ula8jh71/video/7562880878666337566,2025-10-23 09:34:03.560553,2025-10-23,loaded_from_23h_cache
7562880872588872973,rkybjs4xt2,63,0,0,2,US,2025-10-19 10:42:44,NA,7562881379965373239,KondisiterkinimusholaPONPESAlKhozinySidoarjoambruksaatsalatashar#jtvjember#evakuasi#sidoarjo#fyp,"fyp,sidoarjo,evakuasi,jtvjember",NA,https://www.tiktok.com/@rkybjs4xt2/video/7562880872588872973,2025-10-23 09:34:03.560553,2025-10-23,loaded_from_23h_cache
7562880724450217271,rkybjs4xt2,4,0,0,0,US,2025-10-19 10:41:56,NA,7562881199991950135,KondisiterkinimusholaPONPESAlKhozinySidoarjoambruksaatsalatashar#jtvjember#evakuasi#sidoarjo#fyp,"fyp,sidoarjo,evakuasi,jtvjember",NA,https://www.tiktok.com/@rkybjs4xt2/video/7562880724450217271,2025-10-23 09:34:03.560553,2025-10-23,loaded_from_23h_cache
7562880615238978846,frcbglabi9,11,0,0,0,US,2025-10-19 10:40:39,NA,7562880505868307231,KondisiterkinimusholaPONPESAlKhozinySidoarjoambruksaatsalatashar#jtvjember#evakuasi#sidoarjo#fyp,"fyp,sidoarjo,evakuasi,jtvjember",NA,https://www.tiktok.com/@frcbglabi9/video/7562880615238978846,2025-10-23 09:34:03.560553,2025-10-23,loaded_from_23h_cache
7562880502705687838,frcbglabi9,78,0,0,1,US,2025-10-19 10:39:57,NA,7562880443599702815,KondisiterkinimusholaPONPESAlKhozinySidoarjoambruksaatsalatashar#jtvjember#evakuasi#sidoarjo#fyp,"fyp,sidoarjo,evakuasi,jtvjember",NA,https://www.tiktok.com/@frcbglabi9/video/7562880502705687838,2025-10-23 09:34:03.560553,2025-10-23,loaded_from_23h_cache
7562880493176261919,l9ula8jh71,299,0,1,16,US,2025-10-19 10:40:01,NA,7562880445696854814,KondisiterkinimusholaPONPESAlKhozinySidoarjoambruksaatsalatashar#jtvjember#evakuasi#sidoarjo#fyp,"fyp,sidoarjo,evakuasi,jtvjember",NA,https://www.tiktok.com/@l9ula8jh71/video/7562880493176261919,2025-10-23 09:34:03.560553,2025-10-23,loaded_from_23h_cache
7562880432182709534,l9ula8jh71,2,0,0,0,US,2025-10-19 10:39:46,NA,7562880602412731167,KondisiterkinimusholaPONPESAlKhozinySidoarjoambruksaatsalatashar#jtvjember#evakuasi#sidoarjo#fyp,"fyp,sidoarjo,evakuasi,jtvjember",NA,https://www.tiktok.com/@l9ula8jh71/video/7562880432182709534,2025-10-23 09:34:03.560553,2025-10-23,loaded_from_23h_cache
7562880364109122847,frcbglabi9,18,0,0,0,US,2025-10-19 10:39:34,NA,7562880409671961374,KondisiterkinimusholaPONPESAlKhozinySidoarjoambruksaatsalatashar#jtvjember#evakuasi#sidoarjo#fyp,"fyp,sidoarjo,evakuasi,jtvjember",NA,https://www.tiktok.com/@frcbglabi9/video/7562880364109122847,2025-10-23 09:34:03.560553,2025-10-23,loaded_from_23h_cache
7562879983622901023,g2w8trakc7,0,0,0,0,US,2025-10-19 10:38:08,NA,7562879912252689183,KondisiterkinimusholaPONPESAlKhozinySidoarjoambruksaatsalatashar#jtvjember#evakuasi#sidoarjo#fyp,"fyp,sidoarjo,evakuasi,jtvjember",NA,https://www.tiktok.com/@g2w8trakc7/video/7562879983622901023,2025-10-23 09:34:03.560553,2025-10-23,loaded_from_23h_cache
7562879911187221791,uiii9btew1,72,0,0,0,US,2025-10-19 10:38:04,NA,7562880036043279135,KondisiterkinimusholaPONPESAlKhozinySidoarjoambruksaatsalatashar#jtvjember#evakuasi#sidoarjo#fyp,"fyp,sidoarjo,evakuasi,jtvjember",NA,https://www.tiktok.com/@uiii9btew1/video/7562879911187221791,2025-10-23 09:34:03.560553,2025-10-23,loaded_from_23h_cache
7562879836927102239,uiii9btew1,74,0,0,0,US,2025-10-19 10:37:43,NA,7562879943408618270,KondisiterkinimusholaPONPESAlKhozinySidoarjoambruksaatsalatashar#jtvjember#evakuasi#sidoarjo#fyp,"fyp,sidoarjo,evakuasi,jtvjember",NA,https://www.tiktok.com/@uiii9btew1/video/7562879836927102239,2025-10-23 09:34:03.560553,2025-10-23,loaded_from_23h_cache
7562879811895561503,g2w8trakc7,10,0,0,0,US,2025-10-19 10:37:49,NA,7562879899149552415,KondisiterkinimusholaPONPESAlKhozinySidoarjoambruksaatsalatashar#jtvjember#evakuasi#sidoarjo#fyp,"fyp,sidoarjo,evakuasi,jtvjember",NA,https://www.tiktok.com/@g2w8trakc7/video/7562879811895561503,2025-10-23 09:34:03.560553,2025-10-23,loaded_from_23h_cache
7562879765527399710,uiii9btew1,79,0,0,2,US,2025-10-19 10:37:11,NA,7562879817092303646,KondisiterkinimusholaPONPESAlKhozinySidoarjoambruksaatsalatashar#jtvjember#evakuasi#sidoarjo#fyp,"fyp,sidoarjo,evakuasi,jtvjember",NA,https://www.tiktok.com/@uiii9btew1/video/7562879765527399710,2025-10-23 09:34:03.560553,2025-10-23,loaded_from_23h_cache
7562879722045082910,g2w8trakc7,8,0,0,0,US,2025-10-19 10:37:09,NA,7562879721383037726,KondisiterkinimusholaPONPESAlKhozinySidoarjoambruksaatsalatashar#jtvjember#evakuasi#sidoarjo#fyp,"fyp,sidoarjo,evakuasi,jtvjember",NA,https://www.tiktok.com/@g2w8trakc7/video/7562879722045082910,2025-10-23 09:34:03.560553,2025-10-23,loaded_from_23h_cache
7562879144615316791,gjvghv34,107831,23,18,982,US,2025-10-19 10:36:16,NA,7562879699383323406,KondisiterkinimusholaPONPESAlKhozinySidoarjoambruksaatsalatashar#jtvjember#evakuasi#sidoarjo#fyp,"fyp,sidoarjo,evakuasi,jtvjember",NA,https://www.tiktok.com/@gjvghv34/video/7562879144615316791,2025-10-23 09:34:03.560553,2025-10-23,loaded_from_23h_cache
7562878559535025421,gjvghv34,8111,1,1,90,US,2025-10-19 10:33:42,NA,7562879086146669326,KondisiterkinimusholaPONPESAlKhozinySidoarjoambruksaatsalatashar#jtvjember#evakuasi#sidoarjo#fyp,"fyp,sidoarjo,evakuasi,jtvjember",NA,https://www.tiktok.com/@gjvghv34/video/7562878559535025421,2025-10-23 09:34:03.560553,2025-10-23,loaded_from_23h_cache
7562878256161049870,cortd41lf9,2,0,0,0,US,2025-10-19 10:32:26,NA,7562878816142576398,KondisiterkinimusholaPONPESAlKhozinySidoarjoambruksaatsalatashar#jtvjember#evakuasi#sidoarjo#fyp,"fyp,sidoarjo,evakuasi,jtvjember",NA,https://www.tiktok.com/@cortd41lf9/video/7562878256161049870,2025-10-23 09:34:03.560553,2025-10-23,loaded_from_23h_cache
7562878230919744782,scbwkpcha8,857,1,0,93,US,2025-10-19 10:32:28,NA,7562878860317002509,KondisiterkinimusholaPONPESAlKhozinySidoarjoambruksaatsalatashar#jtvjember#evakuasi#sidoarjo#fyp,"fyp,sidoarjo,evakuasi,jtvjember",NA,https://www.tiktok.com/@scbwkpcha8/video/7562878230919744782,2025-10-23 09:34:03.560553,2025-10-23,loaded_from_23h_cache
7562878062719733047,cortd41lf9,48,0,0,0,US,2025-10-19 10:32:11,NA,7562878657400752910,KondisiterkinimusholaPONPESAlKhozinySidoarjoambruksaatsalatashar#jtvjember#evakuasi#sidoarjo#fyp,"fyp,sidoarjo,evakuasi,jtvjember",NA,https://www.tiktok.com/@cortd41lf9/video/7562878062719733047,2025-10-23 09:34:03.560553,2025-10-23,loaded_from_23h_cache
7562877919866014990,cortd41lf9,49,0,0,1,US,2025-10-19 10:31:46,NA,7562878576652061495,KondisiterkinimusholaPONPESAlKhozinySidoarjoambruksaatsalatashar#jtvjember#evakuasi#sidoarjo#fyp,"fyp,sidoarjo,evakuasi,jtvjember",NA,https://www.tiktok.com/@cortd41lf9/video/7562877919866014990,2025-10-23 09:34:03.560553,2025-10-23,loaded_from_23h_cache
7562877632761580831,s6ntpkduu3,281,0,26,17,US,2025-10-19 10:28:54,NA,7562877681549740830,KondisiterkinimusholaPONPESAlKhozinySidoarjoambruksaatsalatashar#jtvjember#evakuasi#sidoarjo#fyp,"fyp,sidoarjo,evakuasi,jtvjember",NA,https://www.tiktok.com/@s6ntpkduu3/video/7562877632761580831,2025-10-23 09:34:03.560553,2025-10-23,loaded_from_23h_cache
7562877632015093006,scbwkpcha8,15,0,0,0,US,2025-10-19 10:30:28,NA,7562878273819052813,KondisiterkinimusholaPONPESAlKhozinySidoarjoambruksaatsalatashar#jtvjember#evakuasi#sidoarjo#fyp,"fyp,sidoarjo,evakuasi,jtvjember",NA,https://www.tiktok.com/@scbwkpcha8/video/7562877632015093006,2025-10-23 09:34:03.560553,2025-10-23,loaded_from_23h_cache
7562877577111571742,ang4dhwkb5,30,0,0,0,US,2025-10-19 10:28:49,NA,7562877638860213022,KondisiterkinimusholaPONPESAlKhozinySidoarjoambruksaatsalatashar#jtvjember#evakuasi#sidoarjo#fyp,"fyp,sidoarjo,evakuasi,jtvjember",NA,https://www.tiktok.com/@ang4dhwkb5/video/7562877577111571742,2025-10-23 09:34:03.560553,2025-10-23,loaded_from_23h_cache
7562877550825868575,s6ntpkduu3,59,0,0,0,US,2025-10-19 10:28:27,NA,7562877550418987806,KondisiterkinimusholaPONPESAlKhozinySidoarjoambruksaatsalatashar#jtvjember#evakuasi#sidoarjo#fyp,"fyp,sidoarjo,evakuasi,jtvjember",NA,https://www.tiktok.com/@s6ntpkduu3/video/7562877550825868575,2025-10-23 09:34:03.560553,2025-10-23,loaded_from_23h_cache
7562877486829178142,ang4dhwkb5,95,0,0,2,US,2025-10-19 10:28:27,NA,7562877535348951839,KondisiterkinimusholaPONPESAlKhozinySidoarjoambruksaatsalatashar#jtvjember#evakuasi#sidoarjo#fyp,"fyp,sidoarjo,evakuasi,jtvjember",NA,https://www.tiktok.com/@ang4dhwkb5/video/7562877486829178142,2025-10-23 09:34:03.560553,2025-10-23,loaded_from_23h_cache
7562877463861153054,s6ntpkduu3,222,0,0,3,US,2025-10-19 10:28:26,NA,7562877610586327838,KondisiterkinimusholaPONPESAlKhozinySidoarjoambruksaatsalatashar#jtvjember#evakuasi#sidoarjo#fyp,"fyp,sidoarjo,evakuasi,jtvjember",NA,https://www.tiktok.com/@s6ntpkduu3/video/7562877463861153054,2025-10-23 09:34:03.560553,2025-10-23,loaded_from_23h_cache
7562877440268307742,ang4dhwkb5,105,0,0,1,US,2025-10-19 10:28:20,NA,7562877612905794335,KondisiterkinimusholaPONPESAlKhozinySidoarjoambruksaatsalatashar#jtvjember#evakuasi#sidoarjo#fyp,"fyp,sidoarjo,evakuasi,jtvjember",NA,https://www.tiktok.com/@ang4dhwkb5/video/7562877440268307742,2025-10-23 09:34:03.560553,2025-10-23,loaded_from_23h_cache
7562502241337363767,pratt_movie,217,0,0,7,US,2025-10-18 10:13:24,NA,7562502776840784654,"Part 2. ATKYMIECE'SGRADUATION,MYSISTERSAID,BUYING$TUFFDOLSN'TMAKEYOUSPICIALYOUREJUSTTHEFAMILY'SWALLET.""ISMILED,TOOXBACKMYGIFT,AHDSAID,""GOODLUCKPAYINGTHEMORTGAGEANDTHEDEBT.TMERHUSBAHDRANAFTERME.#ask#askreddit#LearnOnTikTok#reddit#satisfying#story#fyp#relaxing#fypã‚·","story,relaxing,ask,fyp,reddit,satisfying,askreddit,learnontiktok,fypã‚·",NA,https://www.tiktok.com/@pratt_movie/video/7562502241337363767,2025-10-23 09:34:03.560553,2025-10-23,loaded_from_23h_cache
7562128236939955511,pratt_movie,648,1,0,62,US,2025-10-17 10:00:05,NA,7562128246729460494,"Part 1. ATKYMIECE'SGRADUATION,MYSISTERSAID,BUYING$TUFFDOLSN'TMAKEYOUSPICIALYOUREJUSTTHEFAMILY'SWALLET.""ISMILED,TOOXBACKMYGIFT,AHDSAID,""GOODLUCKPAYINGTHEMORTGAGEANDTHEDEBT.TMERHUSBAHDRANAFTERME.#ask#askreddit#LearnOnTikTok#reddit#satisfying#story#fyp#relaxing#fypã‚·","story,relaxing,ask,fyp,reddit,satisfying,askreddit,learnontiktok,fypã‚·",NA,https://www.tiktok.com/@pratt_movie/video/7562128236939955511,2025-10-23 09:34:03.560553,2025-10-23,loaded_from_23h_cache
7562408007078825230,hoeg.huan,1869,0,0,67,US,2025-10-18 04:05:48,NA,7562408088351951630,My Bossâ€™s Daughter Said â€œEnjoy The Company Hoodie And Gift Cardâ€ Laughing As She Fired Me#ask#askreddit#LearnOnTikTok#reddit#satisfying#story#fyp#relaxing#fypã‚·,"story,relaxing,ask,fyp,reddit,satisfying,askreddit,learnontiktok,fypã‚·","My boss's daughter said, enjoy the company hoodie and gift card, laughing as she fired me and withholding my 100,000 dollar bonus. During the Series B pitch, the lead investor reviewed my termination papers. He slid them back to the CEO and said coldly, congratulations, you just lost your company. I got fired in front of the entire company during our quarterly meeting. No warning, no private conversation. Just Madison, the CEO's daughter, and our new chief culture officer standing there with a cheap company hoodie and a 50 dollar gift card to some juice bar that doesn't even exist in my area. Unfortunately, your Q4 bonus didn't meet the updated KPI rubric, so it won't be awarded. She announced with this fake sympathetic smile. That bonus was $100,000. And I literally wrote the original KPI rubric she was talking about. Here's the thing. I've been at Tech Vibe for six years. I built their entire operational backbone from scratch. All their back end systems, vendor relationships, fulfillment processes. Everything that made the company actually function. Madison had only been there six months. Hired straight out of her influencer lifestyle with zero qualifications except being the CEO's daughter. She hated me from day one because people actually respected my work. When I caught her billing an 18 thousand dollar wellness experience that was actually her bachelorette party in Palm Springs, HR told me to focus on positive momentum. When I flagged suspicious budget transfers, she started leaving me out of Meetings and removing my name from projects. But here's what nobody knew. Three months earlier, I'd done something smart. Really smart. See, when I rebuilt their tech infrastructure, I did it through my own LLC. I buried a licensing clause deep in the vendor contracts as 12.7 B. It stated that if the company terminated me without formal review and documented cause, the perpetual license to all the systems I built would immediately revoke. I ran it through my personal attorney. Everything was legal, signed and filed properly. Their own legal team rubber stamped it without reading carefully. After Madison fired me, I didn't argue. I just smiled, took the hoodie, and left. HR didn't even have me sign exit paperwork. That's how sloppy they were. They knew something was off, but they did it anyway. One week later, Techfive had their big Series B pitch with Redwood Capital. They were trying to secure $50 million. Madison was there in her designer outfit, giving this polished presentation about culture, forward architecture, and strategic partnerships. The C E O. Looked proud. The board looked confident. That's when Daniel Hayes, the investor, opened his due diligence folder. He pulled out my termination memo and read it silently. Then he pulled out the second document, my clause 12.7 B notification letter that I'd sent via certified mail. The room went dead quiet. This termination, Daniel said calmly, was it approved by Legal? Madison stuttered. Something about culture fit. The C E O. Mumbled about HR handling it, Daniel held up the clause document. This states that licensing of your core back end systems was contingent upon continued employment of Samantha Rodriguez.
",https://www.tiktok.com/@hoeg.huan/video/7562408007078825230,2025-10-23 09:34:03.560553,2025-10-23,loaded_from_23h_cache
7562401058258013454,hoeg.huan,3752,0,0,77,US,2025-10-18 03:39:05,NA,7562401223933627150,My Boss Said Weâ€™re Not Paying For Your Little Two Thousand Dollar Vacation Denying My Work Travel#ask#askreddit#LearnOnTikTok#reddit#satisfying#story#fyp#relaxing#fypã‚·,"story,relaxing,ask,fyp,reddit,satisfying,askreddit,learnontiktok,fypã‚·","My boss said, we're not paying for your little two thousand dollar vacation, denying my work travel. A letter from our largest client arrived during the board meeting. The CEO read it. His expression froze. He slid it to our lawyer, whose only question was, where is she? I used to be the invisible employee. You know the type. The one who fixes everything but gets zero credit. While my boss, Marcus, took credit for my work and meetings. I was the one making panicked calls to suppliers at 3 a m. And saving million dollar deals with duct tape and determination. For eight years, I kept our company running. When our Detroit factory almost shut down because of broken equipment, I called in a favor from an old contact in Serbia. When a shipment got lost in China, I fixed it with three phone calls and some creative problem solving. Marcus would tell the board it was his leadership that saved the day. My reward? Being asked to take notes and grab sparkling water for executives. And came the email that changed everything. Our biggest supplier, Kovach Tech from Hungary, sent a message. They made a specialized computer chip that powered 40% of our company's revenue. Without them, we were done. The founder is on. Kovach said they were changing their buyer list. If we wanted to stay on it, someone needed to attend their annual summit in Budapest in person. I asked Marcus for approval. Just $2,000 for The trip. I explained how critical this was, how we'd lose everything without this relationship. He literally laughed at me. We're not paying for your little vacation, Britney. We have real priorities. I didn't argue. I just smiled. That smile women perfect when they're being insulted and dismissed. That night, I did something crazy. I booked the trip myself. Used my own money, my own vacation days, and a credit card I've been saving for emergencies. Here's what Marcus didn't know. Ten years ago, Istvan's daughter came to America for a project. Her translator bailed. She got food poisoning, and everyone panicked. I was the only one who helped her, found her medicine, stayed with her, called her father when she was scared. We stayed in touch over the years. Christmas cards, birthday emails, small kindnesses that seemed meaningless until they weren't. At the summit, Istvan pulled me aside. Your company sent no one again. His voice was quiet but sharp. I sent four emails, two calls. Silence. Then he said something that stopped my heart. I don't trust them anymore. But I trust you. Will. You represent us in America? Not your company. You personally. I was terrified. I wasn't a business owner. I was just a logistics manager who got ignored in meetings. But that night, I registered my own company. Sharp Point Logistics, LLC. The next day, Istvan and I shook hands on a deal that made me the exclusive distributor of their chips in America. When I got home. I didn't tell anyone. I just kept showing up to work like nothing happened. Marcus was preparing for the big quarterly board meeting, bragging about our rock solid supply chain.
",https://www.tiktok.com/@hoeg.huan/video/7562401058258013454,2025-10-23 09:34:03.560553,2025-10-23,loaded_from_23h_cache
7562028911194819871,debran.oxonrp03,200428,18,15,1851,US,2025-10-17 03:34:38,NA,7562034097585949471,My Boss Said Weâ€™re Not Paying For Your Little Two Thousand Dollar Vacation Denying My Work Travel#ask#askreddit#LearnOnTikTok#reddit#satisfying#story#fyp#relaxing#fypã‚·,"story,relaxing,ask,fyp,reddit,satisfying,askreddit,learnontiktok,fypã‚·","My boss said we're not paying for your little 2000 dollar vacation, denying my work travel. A letter from our largest client arrived during the board meeting. The CEO read it. His expression froze. He slid it to our lawyer whose only question was where is she? I used to be the invisible employee. You know the type, the one who fixes everything but gets zero credit. While my boss Marcus took credit for my work and meetings, I was the one making panicked call also suppliers at 3:00am and saving million dollar deals with duct tape and determination. For eight years, I kept our company running. When our Detroit factory almost shut down because of broken equipment, I called in a favor from an old contact in Serbia. When a shipment got lost in China, I fixed it with three phone calls and some creative problem solving. Marcus would tell the board it was his leadership that save the day. My reward, being asked to take notes and grab sparkling water for executives. Then came the email that changed everything. Our biggest supplier, Kovach Tech from Hungary sent a message. They made a specialized computer chip that powered 40% of our company's revenue. Without them, we were done. The founder is on Kovach said they were changing their buyer list. We wanted to stay on it. Someone needed to attend their annual summit in Budapest in person. I asked Marcus for approval, just $2,000 for the trip, I explained. How critical this was, how we'd lose everything without this relationship. He literally laughed at me. We're not paying for your little vacation, Britney. We have real priorities. I didn't argue. I just smiled at smile women, perfect when they're being insulted and dismissed at night. I did something crazy. I booked the trip myself, used my own money, my own vacation days and a credit card I've been saving for emergencies. Here's what Marcus didn't know. 10 years ago, Isvan's daughter came to America for a project. Her translator bailed. She got food poisoning and everyone panicked. I was the only one who helped her, found her medicine, stayed with her, called her father when she was scared. We stayed in touch over the years, Christmas cards, birthday emails, small kindnesses that seemed meaningless. And till they weren't at the summit, Istvan pulled me aside. Your company sent no one again. His voice was quiet but sharp. I sent four emails, two calls, silence. Then he said something that stopped my heart. I don't trust them anymore, but I trust you. Will you represent us in America? Not your company, you personally. I was terrified. I wasn't a business owner. I was just a logistics manager who got ignored in meetings. That night, I registered my own company, Sharp Point Logistics LLC. The next day, Istvan and I shook hands on a deal that made me the exclusive distributor of their chips in America. When I got home, I Didn't tell anyone. I just kept showing up to work like nothing happened. Marcus was preparing for the big quarterly board meeting, bragging about our rock solid supply chain and taking credit for.
",https://www.tiktok.com/@debran.oxonrp03/video/7562028911194819871,2025-10-23 09:34:03.560553,2025-10-23,loaded_from_23h_cache
7562618531309767966,manggkko5,336,0,0,2,US,2025-10-18 17:42:39,NA,7562618525983066911,Even Deniseâ€™s abductor tried to tell police that she was wasnâ€™t lying.Â #denisehuskinsÂ #gonegirlÂ #americannightmareÂ #truecrimeÂ #crimecast,"gonegirl,americannightmare,truecrime,denisehuskins,crimecast",NA,https://www.tiktok.com/@manggkko5/video/7562618531309767966,2025-10-23 09:34:03.560553,2025-10-23,loaded_from_23h_cache
7562604357171072286,manggkko5,439,0,0,5,US,2025-10-18 16:47:38,NA,7562604317228698398,Even Deniseâ€™s abductor tried to tell police that she was wasnâ€™t lying.Â #denisehuskinsÂ #gonegirlÂ #americannightmareÂ #truecrimeÂ #crimecast,"gonegirl,americannightmare,truecrime,denisehuskins,crimecast",NA,https://www.tiktok.com/@manggkko5/video/7562604357171072286,2025-10-23 09:34:03.560553,2025-10-23,loaded_from_23h_cache
7562594852844670239,manggkko5,1005,0,0,17,US,2025-10-18 16:10:46,NA,7562594796720769823,Even Deniseâ€™s abductor tried to tell police that she was wasnâ€™t lying.Â #denisehuskinsÂ #gonegirlÂ #americannightmareÂ #truecrimeÂ #crimecast,"gonegirl,americannightmare,truecrime,denisehuskins,crimecast","New details are coming out with Denise Huskins and what has been called the real life Gone Girl case. If you know the case, you know Denise became victim to an abduction that nobody believed. Her boyfriend tried to tell police that she was taken by scuba divers in the middle of the night. But with that, he was accused of her murder. We now know that around 3:00am on March 15th, the couple really was awoken to flashing lights and red laser dots crossing the walls. They reportedly heard people talking and at first thought it was a dream, but then the words became clear, wake up, this is a robbery from here. A man wearing a full body wetsuit threatened Denise and Aaron with what appeared to be a real gun. Denise was forced to tie her boyfriend up with zip ties and then he had blacked out, swim goggles placed over his eyes and a pair of headphones over his ears. These headphones reportedly played a message that, quote, addressed Aaron by name and warned him that this was a professional group who was there to collect financial debts, that they would drug him and abduct his ex fiance with cameras and perimeter set around the house to restrict him from calling police. Now the thing is these recordings didn't name Denise again, they named Aaron's ex fiance.
",https://www.tiktok.com/@manggkko5/video/7562594852844670239,2025-10-23 09:34:03.560553,2025-10-23,loaded_from_23h_cache
7562495351349873933,aed9335,11879,1,0,44,US,2025-10-18 09:46:46,NA,7562495875944041229,Kondisit erkini mushola PONPES Al Khoziny Sidoarjo ambruk saat salat ashar #jtvjember#evakuasi#sidoarjo#fyp,"fyp,sidoarjo,evakuasi,jtvjember",NA,https://www.tiktok.com/@aed9335/video/7562495351349873933,2025-10-23 09:34:03.560553,2025-10-23,loaded_from_23h_cache
