video_id,author_name,view_count,comment_count,share_count,like_count,region_code,create_time,effect_ids,music_id,video_description,hashtag_names,voice_to_text,video_url
7474277811558026527,bfxy3813,821,0,0,9,US,2025-02-22T16:15:50Z,,7474282963400723230,–ó—É–±–∞—Ä–µ–≤ –≤—Å–µ-—Ç–∞–∫–∏ –Ω–µ —Å–¥–µ—Ä–∂–∞–ª—Å—è ü§£ü§£#–∑—É–±–∞—Ä–µ–≤#–ø–ª—é—à–∫–∏#—Å–º–µ—Ö#–≤–æ–ø—Ä–æ—Å–ø—Ä–æ–º–∞–º—É#–∏–Ω—Ç–µ—Ä–≤—å—é#–∫–∏—Ç–∞–π#—Ä–µ–∫–æ–º–µ–Ω–¥–∞—Ü–∏–∏ #tiktokuni #fyp„Ç∑„Çöviral #pov #foryoupage #fyp„ÉÑ,,"–≤ —á—ë–º –¥–æ—Ä–æ–∂–µ —è –∏–ª–∏ –º–∞–º–∞ –≤ –Ω–æ–º–∏–Ω–∞—Ü–∏–∏ —Å–∞–º—ã–π –µ–±—É–Ω—è—á–∏–π –≤–æ–ø—Ä–æ—Å –ø–æ–±–µ–∂–¥–∞–µ—Ç –≤–æ—Ç —ç—Ç–æ—Ç —Ç–≤–æ–π –≤–æ–ø—Ä–æ—Å —É–≥—É –º–Ω–µ –º–∞–º–∞ –≥–æ—Ä–∞–∑–¥–æ –¥–æ—Ä–æ–∂–µ —á–µ–º —Ç—ã —Ç—ã —Å–µ–π—á–∞—Å –æ–±–∏–¥–µ–ª—Å—è –Ω—É —Ç–∞–∫ —É —Ç–µ–±—è —Å–ª—ë–∑—ã –Ω–∞ –≥–ª–∞–∑–∞—Ö –¥–∞ —É –º–µ–Ω—è –Ω–µ —Å–ª—ë–∑—ã –ø—Ä–æ—Å—Ç–æ –Ω–µ–ø–æ–Ω–∏–º–∞–Ω–∏–µ –Ω–∞–≤–µ—Ä–Ω–æ–µ –±–æ–ª—å—à–µ –ø–æ—á–µ–º—É –≤—ã —Ç–∞–∫ –æ—Ç–≤–µ—á–∞–µ—Ç–µ –¥–∞–≤–∞–π –µ—â—ë —Ä–∞–∑ –º–∞–º–∞ –∏–ª–∏ —á–µ–ª–æ–≤–µ–∫ –∫–æ—Ç–æ—Ä–æ–≥–æ —Ç—ã –≤—Å—Ç—Ä–µ—Ç–∏–ª –ø–æ–∑–∞–≤—á–µ—Ä–∞ —Ç–∞–∫ –∫—Ç–æ –º–æ–∂–µ—Ç –±—ã—Ç—å –¥–æ—Ä–æ–∂–µ –Ω—É —è –∏ –∂–¥—É –æ—Ç –≤–∞—Å –æ—Ç–≤–µ—Ç –µ—Å—Ç–µ—Å—Ç–≤–µ–Ω–Ω–æ –º–∞–º–∞ –µ—Å—Ç–µ—Å—Ç–≤–µ–Ω–Ω–æ –ø—Ä—è–º –≤–æ—Ç –µ—Å—Ç–µ—Å—Ç–≤–µ–Ω–Ω–æ –≤–∞—à–∞ —Ü–∏—Ç–∞—Ç–∞ –µ—Å–ª–∏ –±—ã –Ω–µ –±–µ–¥–Ω–æ—Å—Ç—å —É–≥–Ω–µ—Ç–∞–≤—à–∞—è –≤–∞—Å –≤ –¥–µ—Ç—Å—Ç–≤–µ –≤—ã –±—ã –Ω–∏ –∑–∞ —á—Ç–æ –Ω–µ –¥–æ–±–∏–ª–∏—Å—å –±—ã —Ç–∞–∫–∏—Ö –≤—ã—Å–æ—Ç —É—á–∏—Ç—ã–≤–∞—è –∫–∞–∫–∏—Ö –≤—ã—Å–æ—Ç –≤—ã –¥–æ–±–∏–ª–∏—Å—å –º–æ–≥—É —Å–∫–∞–∑–∞—Ç—å —á—Ç–æ –≤—ã –Ω–µ –æ—á–µ–Ω—å –±–µ–¥–Ω–æ –∂–∏–ª–∏ –∫—Ç–æ —Ç–µ–±–µ –ø–∏—à–µ—Ç —Å—Ü–µ–Ω–∞—Ä–∏–π –≤–æ—Ç —ç—Ç–æ—Ç –Ω–∞—à–∏ —Ä–µ–¥–∞–∫—Ç–æ—Ä—ã —Ä–µ–¥–∞–∫—Ç–æ—Ä—ã –º–æ–ª–æ–¥—Ü—ñ –ø–∞—Ü–∞–Ω–∏ –Ω—É —Ç–∞–º –∂–µ–Ω—â–∏–Ω–∞ –∂–µ–Ω—â–∏–Ω–∞ –≤–∑—Ä–æ—Å–ª–∞ —Ç—å–æ—Ç—è –õ—ñ–¥–∞ –Ω—É –Ω–µ –∑–æ–≤—Å—ñ–º –Ω—É —Ç—å–æ—Ç—è –¥–∞ –≤ —Ç—É –∫–∞–º–µ—Ä—É –¥–∞ —Å–∫–∞–∑–∞—Ç—å –¥–∞ –º–æ–∂–µ—Ç–µ –ø—Ä–∏–≤–µ—Ç –ø—Ä–∏–≤–µ—Ç —Ç—ë—Ç—è –ª–∏–¥–∞ –≤—ã —É–º–Ω–∏—á–∫–∞ –¥–∞ —Å–ø–∞—Å–∏–±–æ –±–æ–ª—å—à–æ–µ —Ö–æ—Ä–æ—à–∞—è –æ—Ç–±–æ—Ä–Ω–µ–π—à–∞—è —Ö—É–π–Ω—è —É –≤–∞—Å —Ç—ë—Ç—è –ª–∏–¥–∞ —ç—Ç–æ –≤ —Å–º—ã—Å–ª–µ —Ö–æ—Ä–æ—à–æ –¥–∞ –Ω–µ –æ–±–∏–∂–∞–π—Ç–µ—Å—å –ø–æ—Ç—Ä—è—Å–∞—é—â–µ –Ω–æ –º–æ–∏ –ø–ª–∞—Ç–∏–º —Ç–æ–∂–µ —Å–æ–æ—Ç–≤–µ—Ç—Å—Ç–≤–µ–Ω–Ω–æ —Ç–æ–∂–µ –ø–ª–∞—Ç–∏–º –Ω–∞ –Ω–∞—Å—Ç–∞–≤–∫–µ –¥–∞ —Å–∫–æ–ª—å–∫–æ –ø—Ä–∏–º–µ—Ä–Ω–æ 5000 –∑–∞ –≤—ã–ø—É—Å–∫ 5000 –∑–∞ –≤—ã–ø—É—Å–∫ —Ç—ë—Ç—è –ª–∏–¥–∞ –¥–∞—é 10 —á—Ç–æ–±—ã –±–æ–ª—å—à–µ –Ω–µ –≤—ã—Ö–æ–¥–∏–ª–∞ —ç—Ç–∞ –ø–µ—Ä–µ–¥–∞—á–∞ –Ω–∏–∫–æ–≥–¥–∞ —É –Ω–µ–≥–æ –Ω–µ—Ç —Å—Ç–æ–ª—å–∫–æ –¥–µ–Ω–µ–≥ —è —É–≤–µ—Ä–µ–Ω –Ω—É –∏ –Ω–∞–∫–æ–Ω–µ—Ü –≥–ª–∞–≤–Ω—ã–π –≤–æ–ø—Ä–æ—Å —Ä–∞–¥–∏ –∫–æ—Ç–æ—Ä–æ–≥–æ —è –ø—Ä–∏–µ—Ö–∞–ª –∫ –≤–∞–º –≤ –∫–∏—Ç–∞–π –¥–∞–≤–∞–π –±—ã–ª–æ –ª–∏ —Ç–∞–∫–æ–µ —á—Ç–æ —è —Ç–µ–±–µ —Å–µ–π—á–∞—Å –ø—Ä–∏–ª—é–¥–Ω–æ –¥–∞–º –ø–∏–∑–¥—ã —è –∏–º –º–æ–≥—É —Å–ø—Ä–∞—à–∏–≤–∞—Ç—å —Ç–æ —á—Ç–æ —è —Ö–æ—á—É –Ω–µ—Ç —Ç–∞–∫–∏–µ –≤–æ–ø—Ä–æ—Å—ã –Ω–µ–ª—å–∑—è —Å–ø—Ä–∞—à–∏–≤–∞—Ç—å –Ω–µ—Ç —è –º–æ–≥—É –∑–∞–≤–∞–ª–∏ –µ–±–∞–ª–æ —Å–≤–æ—ë –Ω–µ –ø–µ—Ä–µ–±–∏–≤–∞–π –º–µ–Ω—è —è —Ç–µ–±–µ –≥–æ–≤–æ—Ä—é —Ç—ã –≤—ã–≤–æ–¥–∏—à—å –º–µ–Ω—è –Ω–∞ —è —Å–ø—Ä–∞—à–∏–≤–∞—é —è —Ç–µ–±–µ —Å–µ–π—á–∞—Å —ë–±–Ω—É —Å—Ç—É–ª –±–ª—è–¥—å —É—Å–ø–æ–∫–æ–π—Å—è –ø—Ä–∏–µ–±—É—Å—å —è —Ç–µ–±–µ —Å–µ—Ä—å—ë–∑–Ω–æ –≥–æ–≤–æ—Ä—é —É—Å–ø–æ–∫–æ–π—Å—è –¥—É—Ä–∞–∫–∞ –∫—É—Å–æ–∫ —Å—É–∫–∞ –¥–µ–±–∏–ª—ã –±–ª—è–¥—å —Ç–∞–∫ –±—ã–ª–æ –∏–ª–∏ –Ω–µ—Ç —è
",https://www.tiktok.com/@bfxy3813/video/7474277811558026527
7472702828075863342,baom007,8735,3,6,149,US,2025-02-18T10:25:40Z,,7472703290099944238,–ó—É–±–∞—Ä–µ–≤ –≤—Å–µ-—Ç–∞–∫–∏ –Ω–µ —Å–¥–µ—Ä–∂–∞–ª—Å—è ü§£ü§£#–∑—É–±–∞—Ä–µ–≤#–ø–ª—é—à–∫–∏#—Å–º–µ—Ö#–≤–æ–ø—Ä–æ—Å–ø—Ä–æ–º–∞–º—É#–∏–Ω—Ç–µ—Ä–≤—å—é#–∫–∏—Ç–∞–π#—Ä–µ–∫–æ–º–µ–Ω–¥–∞—Ü–∏–∏,,"–≤ —á—ë–º –¥–æ—Ä–æ–∂–µ —è –∏–ª–∏ –º–∞–º–∞ –≤ –Ω–æ–º–∏–Ω–∞—Ü–∏–∏ —Å–∞–º—ã–π –µ–±—É–Ω—è—á–∏–π –≤–æ–ø—Ä–æ—Å –ø–æ–±–µ–∂–¥–∞–µ—Ç –≤–æ—Ç —ç—Ç–æ—Ç —Ç–≤–æ–π –≤–æ–ø—Ä–æ—Å —É–≥—É –º–Ω–µ –º–∞–º–∞ –≥–æ—Ä–∞–∑–¥–æ –¥–æ—Ä–æ–∂–µ —á–µ–º —Ç—ã —Ç—ã —Å–µ–π—á–∞—Å –æ–±–∏–¥–µ–ª—Å—è –Ω—É —Ç–∞–∫ —É —Ç–µ–±—è —Å–ª—ë–∑—ã –Ω–∞ –≥–ª–∞–∑–∞—Ö –¥–∞ —É –º–µ–Ω—è –Ω–µ —Å–ª—ë–∑—ã –ø—Ä–æ—Å—Ç–æ –Ω–µ–ø–æ–Ω–∏–º–∞–Ω–∏–µ –Ω–∞–≤–µ—Ä–Ω–æ–µ –±–æ–ª—å—à–µ –ø–æ—á–µ–º—É –≤—ã —Ç–∞–∫ –æ—Ç–≤–µ—á–∞–µ—Ç–µ –¥–∞–≤–∞–π –µ—â—ë —Ä–∞–∑ –º–∞–º–∞ –∏–ª–∏ —á–µ–ª–æ–≤–µ–∫ –∫–æ—Ç–æ—Ä–æ–≥–æ —Ç—ã –≤—Å—Ç—Ä–µ—Ç–∏–ª –ø–æ–∑–∞–≤—á–µ—Ä–∞ —Ç–∞–∫ –∫—Ç–æ –º–æ–∂–µ—Ç –±—ã—Ç—å –¥–æ—Ä–æ–∂–µ –Ω—É —è –∏ –∂–¥—É –æ—Ç –≤–∞—Å –æ—Ç–≤–µ—Ç –µ—Å—Ç–µ—Å—Ç–≤–µ–Ω–Ω–æ –º–∞–º–∞ –µ—Å—Ç–µ—Å—Ç–≤–µ–Ω–Ω–æ –ø—Ä—è–º –≤–æ—Ç –µ—Å—Ç–µ—Å—Ç–≤–µ–Ω–Ω–æ –≤–∞—à–∞ —Ü–∏—Ç–∞—Ç–∞ –µ—Å–ª–∏ –±—ã –Ω–µ –±–µ–¥–Ω–æ—Å—Ç—å —É–≥–Ω–µ—Ç–∞–≤—à–∞—è –≤–∞—Å –≤ –¥–µ—Ç—Å—Ç–≤–µ –≤—ã –±—ã –Ω–∏ –∑–∞ —á—Ç–æ –Ω–µ –¥–æ–±–∏–ª–∏—Å—å –±—ã —Ç–∞–∫–∏—Ö –≤—ã—Å–æ—Ç —É—á–∏—Ç—ã–≤–∞—è –∫–∞–∫–∏—Ö –≤—ã—Å–æ—Ç –≤—ã –¥–æ–±–∏–ª–∏—Å—å –º–æ–≥—É —Å–∫–∞–∑–∞—Ç—å —á—Ç–æ –≤—ã –Ω–µ –æ—á–µ–Ω—å –±–µ–¥–Ω–æ –∂–∏–ª–∏ –∫—Ç–æ —Ç–µ–±–µ –ø–∏—à–µ—Ç —Å—Ü–µ–Ω–∞—Ä–∏–π –≤–æ—Ç —ç—Ç–æ—Ç –Ω–∞—à–∏ —Ä–µ–¥–∞–∫—Ç–æ—Ä—ã —Ä–µ–¥–∞–∫—Ç–æ—Ä—ã –º–æ–ª–æ–¥—Ü—ñ –ø–∞—Ü–∞–Ω–∏ –Ω—É –µ —Ç–∞–º –∂–µ–Ω—â–∏–Ω–∞ –∂–µ–Ω—â–∏–Ω–∞ –≤–∑—Ä–æ—Å–ª–∞—è —Ç—å–æ—Ç—è –õ—ñ–¥–∞ –Ω—É –Ω–µ –∑–æ–≤—Å—ñ–º –Ω—É —Ç—å–æ—Ç—è –¥–∞ –≤ —Ç—É –∫–∞–º–µ—Ä—É –¥–∞ —Å–∫–∞–∑–∞—Ç—å –¥–∞ –º–æ–∂–µ—Ç–µ –ø—Ä–∏–≤–µ—Ç –ø—Ä–∏–≤–µ—Ç —Ç—ë—Ç—è –ª–∏–¥–∞ –≤—ã —É–º–Ω–∏—á–∫–∞ –¥–∞ —Å–ø–∞—Å–∏–±–æ –±–æ–ª—å—à–æ–µ —Ö–æ—Ä–æ—à–∞—è –æ—Ç–±–æ—Ä–Ω–µ–π—à–∞—è —Ö—É–π–Ω—è —É –≤–∞—Å —Ç—ë—Ç—è –ª–∏–¥–∞ —ç—Ç–æ –≤ —Å–º—ã—Å–ª–µ —Ö–æ—Ä–æ—à–æ –¥–∞ –Ω–µ –æ–±–∏–∂–∞–π—Ç–µ—Å—å –ø–æ—Ç—Ä—è—Å–∞—é—â–µ –Ω–æ –º—ã –∏ –ø–ª–∞—Ç–∏–º —Ç–æ–∂–µ —Å–æ–æ—Ç–≤–µ—Ç—Å—Ç–≤–µ–Ω–Ω–æ —Ç–æ–∂–µ –ø–ª–∞—Ç–∏–º –Ω–∞ –Ω–∞—Å—Ç–∞–≤–∫–µ –¥–∞ —Å–∫–æ–ª—å–∫–æ –ø—Ä–∏–º–µ—Ä–Ω–æ 5000 –∑–∞ –≤—ã–ø—É—Å–∫ 5000 –∑–∞ –≤—ã–ø—É—Å–∫ —Ç—ë—Ç—è –ª–∏–¥–∞ –¥–∞—é 10 —á—Ç–æ–±—ã –±–æ–ª—å—à–µ –Ω–µ –≤—ã—Ö–æ–¥–∏–ª–∞ —ç—Ç–∞ –ø–µ—Ä–µ–¥–∞—á–∞ –Ω–∏–∫–æ–≥–¥–∞ —É –Ω–µ–≥–æ –Ω–µ—Ç —Å—Ç–æ–ª—å–∫–æ –¥–µ–Ω–µ–≥ —è —É–≤–µ—Ä–µ–Ω –Ω—É –∏ –Ω–∞–∫–æ–Ω–µ—Ü –≥–ª–∞–≤–Ω—ã–π –≤–æ–ø—Ä–æ—Å —Ä–∞–¥–∏ –∫–æ—Ç–æ—Ä–æ–≥–æ —è –ø—Ä–∏–µ—Ö–∞–ª –∫ –≤–∞–º –≤ –∫–∏—Ç–∞–π –¥–∞–≤–∞–π –±—ã–ª–æ –ª–∏ —Ç–∞–∫–æ–µ —á—Ç–æ —è —Ç–µ–±–µ —Å–µ–π—á–∞—Å –ø—Ä–∏–ª—é–¥–Ω–æ –¥–∞–º –ø–∏–∑–¥—ã —è –∏–º –º–æ–≥—É —Å–ø—Ä–∞—à–∏–≤–∞—Ç—å —Ç–æ —á—Ç–æ —è —Ö–æ—á—É –Ω–µ—Ç —Ç–∞–∫–∏–µ –≤–æ–ø—Ä–æ—Å—ã –Ω–µ–ª—å–∑—è —Å–ø—Ä–∞—à–∏–≤–∞—Ç—å –Ω–µ—Ç —è –º–æ–≥—É –∑–∞–≤–∞–ª–∏ –µ–±–∞–ª–æ —Å–≤–æ—ë –Ω–µ –ø–µ—Ä–µ–±–∏–≤–∞–π –º–µ–Ω—è —è —Ç–µ–±–µ –≥–æ–≤–æ—Ä—é —Ç—ã –≤—ã–≤–æ–¥–∏—à—å –º–µ–Ω—è –Ω–∞ —è —Å–ø—Ä–∞—à–∏–≤–∞—é —è —Ç–µ–±–µ —Å–µ–π—á–∞—Å —ë–±–Ω—É —Å—Ç—É–ª –±–ª—è–¥—å —É—Å–ø–æ–∫–æ–π—Å—è –ø—Ä–∏–µ–±—É—Å—å —è —Ç–µ–±–µ —Å–µ—Ä—å—ë–∑–Ω–æ –≥–æ–≤–æ—Ä—é —É—Å–ø–æ–∫–æ–π—Å—è –¥—É—Ä–∞–∫–∞ –∫—É—Å–æ–∫ —Å—É–∫–∞ –¥–µ–±—ñ–ª–∏ –±–ª—è–¥—å —Ç–∞–∫ –±—É–ª–æ —ñ–ª—ñ –Ω—î—Ç —è–∫—ñ –∞
",https://www.tiktok.com/@baom007/video/7472702828075863342
7471997980657159470,again5662,4600,0,0,42,US,2025-02-16T12:50:05Z,,7471998297566219050,–ó—É–±–∞—Ä–µ–≤ –≤—Å–µ-—Ç–∞–∫–∏ –Ω–µ —Å–¥–µ—Ä–∂–∞–ª—Å—è ü§£ü§£#–∑—É–±–∞—Ä–µ–≤#–ø–ª—é—à–∫–∏#—Å–º–µ—Ö#–≤–æ–ø—Ä–æ—Å–ø—Ä–æ–º–∞–º—É#–∏–Ω—Ç–µ—Ä–≤—å—é#–∫–∏—Ç–∞–π#—Ä–µ–∫–æ–º–µ–Ω–¥–∞—Ü–∏–∏,,"–ø–∞—Ü–∞–Ω –Ω–∞—á–∞–ª —Å 16 –ª–µ—Ç –Ω–∞–≤–µ—Ä–Ω–æ–µ —ë –º–æ—ë –∞ –∫–∞–∫ –≤–∞—Å –∏—Å–∫–∞–ª–∏ –Ω—É —è —Ç–∞–∫ –∏ —Ç–∞–∫ –ø–æ–ª—É—á–∏–ª–æ—Å—å –≤—Å–µ—Ö –∑–Ω–∞–ª –∂–∏–ª –≤ —Ü–µ–Ω—Ç—Ä–µ –±–ª–∏–Ω –ø–æ–æ–±—â–∞–ª—Å—è —è –≤ 16 1 —Ä–∞–∑ –≤ –º–∞–∫–¥–æ–Ω–∞–ª—å–¥—Å –∑–∞—à—ë–ª –∞ —è –≤ 1 –º–∞–∫–¥–æ–Ω–∞–ª—å–¥—Å–µ –±—ã–ª–∞ –º–æ—è 1 —Ä–∞–±–æ—Ç–∞ —è —è –ø—Ä–æ–¥–∞–≤–∞–ª —Ä–∞–±–æ—Ç–∞ –º–µ—á—Ç—ã –Ω–µ—Ç —É –º–µ–Ω—è –±—ã–ª–∞ –∏–Ω—Ç–µ—Ä–µ—Å–Ω–∞—è —Ä–∞–±–æ—Ç–∞ —è –Ω–µ —Ä–∞–±–æ—Ç–∞–ª –≤–Ω—É—Ç—Ä–∏ –º–∞–∫–¥–æ–Ω–∞–ª—å–¥—Å–∞ —è –ø—Ä–æ–¥–∞–≤–∞–ª –æ—á–µ—Ä–µ–¥–∏ –æ —Ö–æ—Ä–æ—à –±—ã–ª –ø—Ä–æ–¥—é—Å–µ—Ä–æ–º –æ—á–µ—Ä–µ–¥–µ–π –Ω–µ—Ç —Ç–∞–∫ —ç—Ç–æ –Ω–∞ —Å–∞–º–æ–º –¥–µ–ª–µ –∏–Ω—Ç–µ—Ä–µ—Å–Ω–∞—è –∏—Å—Ç–æ—Ä–∏—è —É –º–µ–Ω—è —É —Ç–æ–≤–∞—Ä–∏—â–∞ –≤–æ –¥–≤–æ—Ä–µ –æ—Ç–µ—Ü —É—Å—Ç—Ä–æ–∏–ª—Å—è –æ—Ö—Ä–∞–Ω–Ω–∏–∫–æ–º –≤ 1 –º–∞–∫–¥–æ–Ω–∞–ª—å–¥—Å –Ω–∞ –ø—É—à–∫–∏–Ω—Å–∫–æ–π –æ–Ω –±—ã–ª –µ–¥–∏–Ω—Å—Ç–≤–µ–Ω–Ω—ã–π –∫–æ–≥–¥–∞ –æ–Ω –æ—Ç–∫—Ä—ã–ª—Å—è —ç—Ç–æ –±—ã–ª –±—É–º —ç—Ç–æ –∫–∞–∫ —Ä–∞–∑ –ø–æ—Å–ª–µ —Ä–∞—Å–ø–∞–¥–∞ —Å–æ–≤–µ—Ç—Å–∫–æ–≥–æ —Å–æ—é–∑–∞ 1 –∞–º–µ—Ä–∏–∫–∞–Ω—Å–∫–∏–π –æ–±—â–∏–π –ø–∏—Ç –æ–±—â–∏–π —á—Ç–æ —ç—Ç–æ –ª—é–¥–∏ –ª–µ—Ç–µ–ª–∏ –∏–∑ –≤–ª–∞–¥–∏–≤–æ—Å—Ç–æ–∫–∞ —á—Ç–æ–±—ã –≤–∑—è—Ç—å —ç—Ç–∏ –±—É—Ä–≥–µ—Ä—ã —Å—Ç–∞–∫–∞–Ω—á–∏–∫–∏ –æ–Ω–∏ –≤—Å—ë —ç—Ç–æ –≤–µ–∑–ª–∏ —É–∂–µ –Ω–∞–≤–µ—Ä–Ω–æ–µ –≤ –ø—Ä–æ—Ç—É—Ö—à–µ–º —Å–æ—Å—Ç–æ—è–Ω–∏–∏ –µ–ª–∏ –¥–æ–º–∞ –∏ —Ö—Ä–∞–Ω–∏–ª–∏ –≤—Å–µ —ç—Ç–∏ —Å—Ç–∞–∫–∞–Ω—ã –Ω—É –≤ –æ–±—â–µ–º —Ç–∞–∫ –ø–æ–ª—É—á–∏–ª–æ—Å—å —á—Ç–æ –æ—á–µ—Ä–µ–¥—å –æ–Ω–∞ –≤–æ—Ç —Ç–∞–∫ –≤–æ—Ç –±—ã–ª–∞ –ø–æ –ø–æ –ø–ª–æ—â–∞–¥–∏ –ø—É—à–∫–∏–Ω—Å–∫–æ–π –∏ –∑–∞–Ω–∏–º–∞–ª–∞ –æ—Ç 1 –∫–æ–Ω—Ü–∞ –¥–æ –¥—Ä—É–≥–æ–≥–æ –≤ –ø–∏–∫–∏–Ω–≥ 3 –∏–ª–∏ 4 —á–∞—Å–∞ —Ç–æ –µ—Å—Ç—å —Ç—ã —Å—Ç–æ—è–ª–∞ –≤ –æ—á–µ—Ä–µ–¥–∏ –≤–æ—Ç —Ç–∞–∫ –≤–æ—Ç —ç—ç –Ω—É –ø–æ–¥—ä–µ–∑–∂–∞–ª–∏ –Ω–∞—Ä—è–¥–Ω—ã–µ –≤—Å—è–∫–∏–µ —Ä–µ–±—è—Ç–∞ –Ω–∞ —á–∏—Ä–æ–∫–∏ –Ω–∞ —Ç–∞–º 100 40 —ç—ç –∫—Ç–æ –±—ã–ª–∏ –≥–æ—Ç–æ–≤—ã –ø–ª–∞—Ç–∏—Ç—å –≤ 2 —Ä–∞–∑–∞ –±–æ–ª—å—à–µ –≤–æ—Ç –∞ –º—ã —Å —Ä–µ–±—è—Ç–∞–º–∏ –±–µ–≥–∞–ª–∏ –ø–æ—Å–∫–æ–ª—å–∫—É —É –Ω–∏—Ö –æ—Ç–µ—Ü —Ä–∞–±–æ—Ç–∞–ª —Ç–∞–º –Ω–∞ –æ—Ö—Ä–∞–Ω–µ –≤–æ—Ç –Ω–∞—Å –ø—Ä–æ–ø—É—Å–∫–∞–ª–∏ –±–µ–∑ –æ—á–µ—Ä–µ–¥–∏ —Ç–æ –µ—Å—Ç—å –º—ã –≤–Ω—É—Ç—Ä—å –Ω—ã—Ä–∫ –ø—Ä–∏–Ω—è–ª–∏ –∑–∞–∫–∞–∑ –¥–æ–±–µ–∂–∞–ª–∏ –æ–±—Ä–∞—Ç–Ω–æ –¥–æ –º–∞—à–∏–Ω—ã –∏ –≤–¥–≤–æ–µ –¥–æ—Ä–æ–∂–µ –æ—Ç–¥–∞–≤–∞–ª–∏ –ø–∞—Ü–∞–Ω–∞–º –≤–æ—Ç —Ç–∞–∫ –º—ã –ø—Ä–æ—Ä–∞–±–æ—Ç–∞–ª–∏ –ø–æ–∫–∞ –Ω–∞—à—É —Å—Ö–µ–º—É –Ω–µ –≤—ã—á–∏—Å–ª–∏–ª–∏ –∏ –µ–≥–æ –∏ –µ–≥–æ –Ω–µ —É–≤–æ–ª–∏–ª–∏ –∏–∑ –¥–≤–µ—Ä–∏ –∞ —Ç–µ–ø–µ—Ä—å —É –Ω–µ–≥–æ —Å–≤–æ—è –±—É—Ä–≥–µ—Ä–Ω–∞—è –±–∞–º —Ö–∞ —Ö–∞ —Ö–∞ –∫—Å—Ç–∞—Ç–∏ –¥–∞ –≤–∫—É—Å–Ω–∞—è —Ç–æ—á–∫–∞ —ç—Ç–æ —É–∂–µ —Ç–æ–∂–µ –µ–≥–æ –¥–∞ —Å–∫–æ—Ä–µ–µ –¥–∞ –∫—Ç–æ –∑–Ω–∞–µ—Ç –∫—Ç–æ –∑–Ω–∞–µ—Ç –¥–∞
",https://www.tiktok.com/@again5662/video/7471997980657159470
7473792944059764014,cyptk2,968,0,0,23,US,2025-02-21T08:55:32Z,,7473793243885341483,At least the Grandma was more logical and apologize for her grand kids action. #nails #nailsoftheday #559fresno #nailtech #tutorial #fyp #foryoupage #fresnonails #nailtok #vietnamesesalon #meme,,"Excuse me. Hi, how can I help you? Are you the young man that took my granddaughter's shoes? Yes, I am. Um, but I just want to let you know I'm not taking her shoes because I want to. She just didn't have any money to pay me. Well, and I just wanted to come in and thank you. A lot of my grandkids right now are a little entitled. So I just want to thank you for holding her accountable. So you need to do what you need to do. It is your business. So I do wanna thank you for that. And um, I'm not gonna pay because. Wait, you're not gonna pay me? So you just came here to let me know that I wanna thank you for what you did. How? Continue. How come you don't wanna pay for your granddaughters? I didn't do that. You didn't give me service. You gave her service. She needs to be held accountable. And I. And my heart goes out to you. But I do wanna thank you cause it's been very stressful lately. I mean, your family coming in yelling at me, trying to take the shoe. And one of your grandkids claimed that the shoes was 200 dollars, but you know, it was only like 30 dollar shoes. I understand and I. And I did, but I felt like I needed to come in and at least thank you. I wish I could pay, but I can't. I don't have the money, so. But can I say one thing? No. Yes. Being a grandmother and being old. Don't use the language. Sometimes when you come back, the way they're coming to you, it. It doesn't help the situation. I just can't help it, you know? The hood raised me.
",https://www.tiktok.com/@cyptk2/video/7473792944059764014
7473059188982205738,cyptk2,2141,0,0,16,US,2025-02-19T09:26:38Z,,7473058885427825454,Teenager trying to get long nails when her mom was not in the salon. #nails #foryoupage #fyp #nail #nailtok #nailsoftheday #nailtech #podcast #559fresno #meme #storytime #acrylic #longnails,,"On your nails today, you want them short or long? Uh, long. Uh. You want them really long? Yes. Um. Wait, how old are you? Sixteen. Oh. You know you need to be 18 to get long nails. What? Yeah, um. Is. Is your mom around anything? Cause I. I don't do short nails on younger than 18. Because your mom's the one that makes decision, not you. They're just nails. I understand they're just nails, but a lot of time moms be coming in, getting mad at the daughter. It's okay, trust me, she'll let me. That's why she's not here. She let me come by myself. Okay, um. I just want to get your mom's opinion. I think she's coming in right now. Yeah. Is that her? Yeah. Okay. Do you wanna go ahead and do the long nails? Yeah. Okay. Um. Let me go ahead and ask her real quick. You know what? You just. Just cut the short nails. It's. It's fine. Just cut them short. Really? Yeah, It's fine. Let me go ahead and ask. You don't know? No, it's okay. You don't want me to ask you? No, it's okay. It's okay. I can just ask you. No, no. Well, alright. Let me go ahead and put this too.
",https://www.tiktok.com/@cyptk2/video/7473059188982205738
7470899790788758814,geili49,942,0,0,41,US,2025-02-13T13:47:03Z,,7470904826939886366,Teenager trying to get long nails when her mom was not in the salon. #nails #foryoupage #fyp #nail #nailtok #nailsoftheday #nailtech #podcast #559fresno #meme #storytime #acrylic #longnails #tiktokuni #fyp„Ç∑„Çöviral #pov #fyp„ÉÑ üëø,,"On your nails today, you want them short or long? Uh, long. Uh. You want them really long? Yes. Um. Wait, how old are you? Sixteen. Oh. You know you need to be 18 to get long nails. What? Yeah, um. Is. Is your mom around anything? Cause I. I don't do short nails on younger than 18. Because your mom's the one that makes decision, not you. They're just nails. I understand that she has nails, but a lot of time moms be coming in, getting mad at the daughter. It's okay, trust me, she'll let me. That's why she's not here. She let me come by myself. Okay, um, I just wanna get your mom's opinion. I think she's coming in right now. Yeah. Is that her? Yeah. Okay. Do you wanna go ahead and do the long nails? Yeah. Okay. Um, let me go ahead and ask her real quick. You know what? You just. Just cut the short nails. It's. It's fine. Just cut them short. Really? Yeah, It's fine. Let me go ahead and ask you. No, you don't know. It's okay. You don't want me to ask you? No, it's okay. It's okay. I can just ask you. No. Okay. Alright. Let me go ahead and start with this tip
",https://www.tiktok.com/@geili49/video/7470899790788758814
7472684456613023022,cyptk2,130,1,0,3,US,2025-02-18T09:14:20Z,,7472684555602938670,"Asking the client if she wanted hard or soft massage, but she thought I ask her if she wanted hard wood. #nails #foryoupage #fyp #nailtok #storytime #meme #nailsalon #nailtech #tutorial #559fresno #comedy #drama #pedicure",,NA,https://www.tiktok.com/@cyptk2/video/7472684456613023022
7472311603136974126,cyptk2,1021,0,0,6,US,2025-02-17T09:06:58Z,,7472311871505222442,I usually put a town my client lap when they wear a skirt for their pedicure. #nails #foryoupage #fyp #nailsalon #nail #nailtok #storytime #meme #salon #559fresno #comedy #tutorials #nailtech #pedicure,,"Hi. How are you? Oh, my god. What's the matter? Um, it's. What's wrong? Nothing. Am I gonna get hurt? I didn't expect you to wear a skirt. Oh. Oh, it's not a skirt. Oh, my god, it's a skort. Oh, yeah, but that case is showing. Oh, no, no. Hold on, hold on. Stay there. Oh, no. Crap. Oh, my god. Are you. Are you okay? Why aren't you opening your eyes? Shut up. Let me get to you. Oh, you know what? Ah! Oh, ah! Oh! Do you feel better now? Yeah, thank you. You're good. Are you good? No, I don't feel better. Why? What happened? I don't do well in the heat, and it's hot in here.
",https://www.tiktok.com/@cyptk2/video/7472311603136974126
7472774013555658030,mjzizibaom,1474,0,0,42,US,2025-02-18T15:00:35Z,,7472774171257277230,Tipping is not mandatory so I don‚Äôt expect it. ##nails##foryoupage##fyp##nailtok##storytime##meme##nailsalon##nailtech##559fresno##tutorial #tiktokuni #fyp„Ç∑„Çöviral #pov #fyp„ÉÑ üòñ,,"Go ahead and cut these links down. How long do you want it? You can just keep it this length. You want it this long? Yeah. How old are you? 14. 14. Oh. Hmm. You know what? By law in our salon, you need to be 18. Yeah. Uh, is your mom here? She's around here somewhere. Outside. Yeah. If you can get her back, I. I need a permission from her, you know, I mean, I've had this length done before. Yeah, I. I need her permission because we had a lot of incident where, you know, young kids just come and get long nails, and the mom come back, like, start yelling at me for no reason. I mean, so I won't prevent that problem. I'm old enough to have a boyfriend. Yeah, like, what the hell? I've never heard of this rule. Um, what the hell you having a boyfriend has to do with your long nails? I mean, if I'm old enough to have a boyfriend, I should have be able to have long nails. No, if you're old enough to have a boyfriend, then that's your mom's problem, not mine. But when it comes to getting long nails, I need your mom to be here. Oh, uh, your mom's coming in. Yeah, why don't we ask your mom? Why. Why don't we ask your mom? She's here. Hey, actually, I think it's. I'll just have them short. You want them short? Yeah, well, your mom's Here, let's just ask her. No, no, no. It's okay. You sure? Yeah.
",https://www.tiktok.com/@mjzizibaom/video/7472774013555658030
7471939269716757803,cyptk2,972,1,0,9,US,2025-02-16T09:02:00Z,,7471939542003338030,Tipping is not mandatory so I don‚Äôt expect it. ##nails##foryoupage##fyp##nailtok##storytime##meme##nailsalon##nailtech##559fresno##tutorial,,"So for your manicure today is just $100 even. Okay. Okay. And then can I leave a tip? You don't have to leave me a tip because I already included tips with the service already. Oh, well, what's the tip rate in the service? Well, you know, since it's only 75 dollars. But it's always 25 dollar attitude service, so it's a hundred dollars even. Why would I wanted necessarily tip $25? You don't have to tip. It's included in the price already. What if I only wanted to tip you $5? That would be 105. Do you want to give me 105? No, I only want to give you $80. She's $80. Oh, no, it's $100. Your total. You know what? I. I'm not gonna tip. Oh, you don't have to tip. Don't worry about it. It's already included.
",https://www.tiktok.com/@cyptk2/video/7471939269716757803
7474259563487825198,pqbaom005,1486,0,0,15,US,2025-02-22T15:05:13Z,,7474259687144196906,Switching places with my client to avoid stateboard. #nailtech #nail #nailsoftheday #vietnamesesalon #fyp #foryoupage #gelpolish #vietnamese #tutorial #meme #fresno #559fresno,,"As a nail tech, I'm not sure why, but I get so panic when I see skateboard coming in. I have to think fast and act normal. Is that the skateboard? The skateboard? Oh, yeah, I think that's the skateboard coming in. Hey, no freaking way. What? Hey, no, no. I need you to do me a favor, okay? Um, switch chair with me. What? Yeah. Because if they walk in and I'm the nail tech, I'm gonna be in trouble, so help me out, girl. Get, get, get on the other side. Hold on. Okay, sit down. They're on their way. Crap. Okay, I'm. You're the nail tech. Okay, this is fun. You're the nail tech. You're the nail tech. Um, how are you today? Good, good. I just needed my manicure done. Just stay here until they leave, okay? Just sit there until they leave. Don't say anything. Don't do anything. I need to. Yeah. No, I need to look like I know what I'm doing. No, no, you're fine. You're fine. Here, put your hand in there. Just. Okay. Now. Okay, you're good. Where's the lotion? At least I could be rubbing your hand. Oh, you're good. You're good.
",https://www.tiktok.com/@pqbaom005/video/7474259563487825198
7473539113678064942,pqbaom005,4307,0,0,59,US,2025-02-20T16:29:19Z,,7473539208116800298,Switching places with my client to avoid stateboard. #nailtech #nail #nailsoftheday #vietnamesesalon #fyp #foryoupage #gelpolish #vietnamese #tutorial #meme #fresno #559fresno,,"As a nail tech, I'm not sure why, but I get so panic when I see skateboard coming in. I have to think fast and act normal. Is that the skateboard? The skateboard? Oh, yeah, I think that's the skateboard coming in. Hey, no freaking way. What? Hey, no, no. I need you to do me a favor, okay? Um, switch chair with me. What? Yeah. Because if they walk in and I'm the nail tech, I'm gonna be in trouble, so help me out, girl. Get, get, get on the other side. Hold on. Okay, sit down. They're on their way. Crap. Okay, I'm. You're the nail tech. Okay, this is fun. You're the nail tech. You're the nail tech. Um, how are you today? Good, good. I just needed my manicure done. Just stay here until they leave, okay? Just sit there until they leave. Don't say anything. Don't do anything. I need to. Yeah. No, I need to look like I know what I'm doing. No, no, you're fine. You're fine. Here, put your hand in there. Just. Okay. Now. Okay, you're good. Where's the lotion? At least I could be rubbing your hand. Oh, you're good. You're good.
",https://www.tiktok.com/@pqbaom005/video/7473539113678064942
7472199196670577966,laicai19,4523,0,4,161,US,2025-02-17T01:49:41Z,,7472199268049193774,Switching places with my client to avoid stateboard. #nailtech #nail #nailsoftheday #vietnamesesalon #fyp #foryoupage #gelpolish #vietnamese #tutorial #meme #fresno #559fresno,,"As a nail tech, I'm not sure why, but I get so panic when I see skateboard coming in. I have to think fast and act normal. Is that the skateboard? The skateboard? Oh, yeah, I think that's the skateboard coming in. Hey, no freaking way. What? Hey, no, no. I need you to do me a favor, okay? Um, switch chair with me. What? Yeah. Because if they walk in and I'm the nail tech, I'm gonna be in trouble, so help me out, girl. Get, get, get on the other side. Hold on. Okay, sit down. They're on their way. Crap. Okay. Um, you're the nail tech. Okay. Oh, this is fun. You're the nail tech. You're the nail tech. Um, how are you today? Good, good. I just needed my manicure done. Just stay here until they leave, okay? Just sit there until they leave. Don't say anything. Don't do anything. I need to. Yeah. No, I need to look like I know what I'm doing. No, no, you're fine. You're fine. Here, put your hand in there. Just. Okay. Now. Okay, you're good. Where's the lotion? At least I could be rubbing your hand. Oh, you're good. You're good.
",https://www.tiktok.com/@laicai19/video/7472199196670577966
7472021818430344490,pqbaom005,4540,0,1,66,US,2025-02-16T14:22:10Z,,7472022057325234987,Switching places with my client to avoid stateboard. #nailtech #nail #nailsoftheday #vietnamesesalon #fyp #foryoupage #gelpolish #vietnamese #tutorial #meme #fresno #559fresno,,"As a nail tech, I'm not sure why, but I get so panic when I see skateboard coming in. I have to think fast and act normal. Is that the skateboard? The skateboard? Oh, yeah, I think that's the skateboard coming in. Hey, no freaking way. What? Hey, no, no. I need you to do me a favor, okay? Um, switch chair with me. What? Yeah. Because if they walk in and I'm the nail tech, I'm gonna be in trouble, so help me out, girl. Get, get, get on the other side. Hold on. Okay, sit down. They're on their way. Crap. Okay, I'm. You're the nail tech. Okay, this is fun. You're the nail tech. You're the nail tech. Um, how are you today? Good, good. I just needed my manicure done. Just stay here until they leave, okay? Just sit there until they leave. Don't say anything. Don't do anything. I need to. Yeah. No, I need to look like I know what I'm doing. No, no, you're fine. You're fine. Here, put your hand in there. Just. Okay. Now. Okay, you're good. Where's the lotion? At least I could be rubbing your hand. Oh, you're good. You're good.
",https://www.tiktok.com/@pqbaom005/video/7472021818430344490
7471202887880723758,cyptk2,3638,1,0,40,US,2025-02-14T09:24:44Z,,7471203175404505898,Switching places with my client to avoid stateboard. #nailtech #nail #nailsoftheday #vietnamesesalon #fyp #foryoupage #gelpolish #vietnamese #tutorial #meme #fresno #559fresno,,"As a nail tech, I'm not sure why, but I get so panic when I see skateboard coming in. I have to think fast and act normal. Is that the skateboard? The state board? Oh, yeah, I think that's the state board coming in. Hey, no freaking. Wait. What? Hey, no, no. I need you do me a favor, okay? Um, switch chair with me. What? Yeah. Because if they walk in and I'm the nail tech, I'm gonna be in trouble, so help me out, girl. Get. Get into the other side. Hold on. Okay, sit down. They're on their way. Crap. Okay, I'm. You're the nail tech. Okay. Oh, this is fun. You're the nail tech. You're the nail tech. Um, how are you today? Good, good. I just needed my manicure done. Just stay here until they leave, okay? Just sit there until they leave. Don't say anything. Don't do anything. I need to. Yeah, no, I need to look like I know what I'm doing. No, no, you're fine. You're fine. Here, put your hand in there. Just. Okay. Yeah. Okay. You're good. Where's the lotion? At least I could be rubbing your hand. Oh, you're good.
",https://www.tiktok.com/@cyptk2/video/7471202887880723758
7470921220649684255,mashangbao159,2221,1,0,48,US,2025-02-13T15:10:12Z,,7470926305140493087,Switching places with my client to avoid stateboard. #nailtech #nail #nailsoftheday #vietnamesesalon #fyp #foryoupage #gelpolish #vietnamese #tutorial #meme #fresno #559fresno,,"As a nail tech, I'm not sure why, but I get so panic when I see skateboard coming in. I have to think fast and act normal. Is that the skateboard? The skateboard? Oh, yeah, I think that's the skateboard coming in. Hey, no freaking way. What? Hey, no, no. I need you to do me a favor, okay? Um, switch chair with me. What? Yeah. Because if they walk in and I'm the nail tech, I'm gonna be in trouble, so help me out, girl. Get, get, get on the other side. Hold on. Okay, sit down. They're on their way. Crap. Okay, I'm. You're the nail tech. Okay, this is fun. You're the nail tech. You're the nail tech. Um, how are you today? Good, good. I just needed my manicure done. Just stay here until they leave, okay? Just sit there until they leave. Don't say anything. Don't do anything. I need to. Yeah. No, I need to look like I know what I'm doing. No, no, you're fine. You're fine. Here, put your hand in there. Just. Okay. Now. Okay, you're good. Where's the lotion? At least I could be rubbing your hand. Oh, you're good. You're good.
",https://www.tiktok.com/@mashangbao159/video/7470921220649684255
7470913400936287534,pqbaom005,29672,1,3,491,US,2025-02-13T14:39:53Z,,7470913405449276202,Switching places with my client to avoid stateboard. #nailtech #nail #nailsoftheday #vietnamesesalon #fyp #foryoupage #gelpolish #vietnamese #tutorial #meme #fresno #559fresno,,"As a nail tech, I'm not sure why, but I get so panic when I see skateboard coming in. I have to think fast and act normal. Is that the skateboard? The skateboard? Oh, yeah, I think that's the skateboard coming in. Hey, no freaking way. What? Hey, no, no. I need you to do me a favor, okay? Um, switch chair with me. What? Yeah. Because if they walk in and I'm the nail tech, I'm gonna be in trouble, so help me out, girl. Get, get, get on the other side. Hold on. Okay, sit down. They're on their way. Crap. Okay, I'm. You're the nail tech. Okay, this is fun. You're the nail tech. You're the nail tech. Um, how are you today? Good, good. I just needed my manicure done. Just stay here until they leave, okay? Just sit there until they leave. Don't say anything. Don't do anything. I need to. Yeah. No, I need to look like I know what I'm doing. No, no, you're fine. You're fine. Here, put your hand in there. Just. Okay. Now. Okay, you're good. Where's the lotion? At least I could be rubbing your hand. Oh, you're good. You're good.
",https://www.tiktok.com/@pqbaom005/video/7470913400936287534
7469777574319754538,abc14278,1150,1,3,64,US,2025-02-10T13:13:22Z,,7469777844613172011,Switching places with my client to avoid stateboard. #nailtech #nail #nailsoftheday #vietnamesesalon #fyp #foryoupage #gelpolish #vietnamese #tutorial #meme #fresno #559fresno,,"As a nail tech, I'm not sure why, but I get so panic when I see skateboard coming in. I have to think fast and act normal. Is that the skateboard? The state board? Oh, yeah, I think that's the state board coming in. Hey, no freaking way. What? Hey, no, no. I need you to do me a favor, okay? Um, switch chair with me. What? Yeah. Because if they walk in and I'm the nail tech, I'm gonna be in trouble, so help me out, girl. Get, get, get on the other side. Hold on. Okay, sit down. They're on their way. Crap. Okay. Um, you're the nail tech. Okay. Oh, this is fun. You're the nail tech. You're the nail tech. Um, how are you today? Good, good. I just needed my manicure done. Just stay here until they leave, okay? Just sit there until they leave. Don't say anything. Don't do anything. I need to. Yeah. No, I need to look like I know what I'm doing. No, no, you're fine. You're fine. Here, put your hand in there. Just. Okay. Now. Okay, you're good. Where's the lotion? At least I could be rubbing your hand. Oh, you're good. You're good.
",https://www.tiktok.com/@abc14278/video/7469777574319754538
7469776868003024170,boomm1203,889,0,1,31,US,2025-02-10T13:10:25Z,,7469777046403730222,Switching places with my client to avoid stateboard. #nailtech #nail #nailsoftheday #vietnamesesalon #fyp #foryoupage #gelpolish #vietnamese #tutorial #meme #fresno #559fresno,,"As a nail tech, I'm not sure why, but I get so panic when I see skateboard coming in. I have to think fast and act normal. Is that the skateboard? The state board? Oh, yeah, I think that's the state board coming in. Hey, no freaking way. What? Hey, no, no. I need you to do me a favor, okay? Um, switch chair with me. What? Yeah. Because if they walk in and I'm the nail tech, I'm gonna be in trouble, so help me out, girl. Get, get, get on the other side. Hold on. Okay, sit down. They're on their way. Crap. Okay. Um, you're the nail tech. Okay. Oh, this is fun. You're the nail tech. You're the nail tech. Um, how are you today? Good, good. I just needed my manicure done. Just stay here until they leave, okay? Just sit there until they leave. Don't say anything. Don't do anything. I need to. Yeah. No, I need to look like I know what I'm doing. No, no, you're fine. You're fine. Here, put your hand in there. Just. Okay. Now. Okay, you're good. Where's the lotion? At least I could be rubbing your hand. Oh, you're good. You're good.
",https://www.tiktok.com/@boomm1203/video/7469776868003024170
7472824412232781086,quinn_727,9816,15,4,234,US,2025-02-18T18:16:03Z,,7472829639716211487,"Birthday or not, you‚Äôre paying for the service. #nails #fyp #tutorial #nailtok #nailtech #vietnamese #nailsalon #vietnamesesalon #acrylic ",,"Cool. So how are you paying today? Um, actually, I was just hoping, you know, I'm. I wasn't gonna pay because it is my birthday today, so I'm gonna do birthday nails. Okay, that's cool. Happy birthday. But what do you mean you're not paying because your birthday. Birthday nails, you know? Okay, but I don't get it. Like, what do you mean, you know, birthday nails? So who. Okay, that's cool, but who's paying for it? Like, is somebody kind of coming in and. You gotta pay for birthday nails when it's your birthday? Birthday nails. Who say that? Birthday nails. The rule. Birthday nails. Um, I'm sorry, but you're in a nail salon and there's no rules like that. Yeah, it is. Birthday nails is when you get your nails done and it's your birthday. So you got paid? Uh, no. I mean, thank you so much. It looks so pretty. I love the glitter. It's perfect for my birthday. Look at it, it's like, I hope you mess. You're messing around, cause you better pay me. I don't care if it's your birthday or not. Birthday nails. No, no, you don't have to pay for your nails when it's your birthday. Where you get that from? That's ridiculous. No, you're paying for your nails on TikTok, Girl. No, I don't give a damn if you were born today, tomorrow, yesterday. You're paying for your nails because that's ridiculous, okay? I don't care. You go to a restaurant, Your birthday, they give you a cupcake. They don't pay for your food sometimes. Where you go exactly? I know, I know. Disneyland. You don't gotta pay when it's your birthday. What? This ain't no Disneyland, bitch.
",https://www.tiktok.com/@quinn_727/video/7472824412232781086
7470826538527739178,cyptk2,1080,0,0,22,US,2025-02-13T09:04:49Z,,7470826926418234158,"Birthday or not, you‚Äôre paying for the service. #nails #fyp #tutorial #nailtok #nailtech #vietnamese #nailsalon #vietnamesesalon #acrylic",,"Cool. So how are you paying today? Um, actually, I was just hoping, you know, I'm. I wasn't gonna pay because it is my birthday today, so I'm gonna do birthday nails. Okay, that's cool. Happy birthday. But what do you mean you're not paying because your birthday. Birthday nails, you know? Okay, but I don't get it. Like, what do you mean, you know, birthday nails? So who. Okay, that's cool, but who's paying for it? Like, is somebody gonna come in and pay? You gotta pay for birthday nails when it's your birthday. Birthday nails? Who say that? Birthday nails. The rule. Birthday nails. Um, I'm sorry, but you're in a nail salon, and there's no rules like that. Yeah, it is. Birthday nails is when you get your nails done, and it's your birthday, so you gotta pay. Uh, no. I mean, thank you so much. This looks so pretty. I love the glitter. It's perfect for my birthday. Look at it. It's like, I hope you mess. You're messing around. Could you better pay me? I don't care if it's your birthday or not. Birthday nails. No, no, you don't have to pay for your nails when it's your birthday. Where you get that from? That's ridiculous. No, you're paying for your nails. On TikTok, they say, girl, no, I don't give a damn if you were born today, tomorrow, yesterday, you pay for your nails, because that's ridiculous, okay? I don't care. You go to A restaurant, your birthday, they give you a cupcake. They don't pay for your food. Sometimes. Where you go exactly? I know, I know. Disneyland. You don't gotta pay when it's your birthday. What? This ain't no Disneyland, bitch.
",https://www.tiktok.com/@cyptk2/video/7470826538527739178
7470466146723138862,cyptk2,8674,1,3,14,US,2025-02-12T09:44:23Z,,7470466111000038186,EBT for Nails. #nails #nailsoftheday #559fresno #nailtech #tutorial #fyp #foryoupage #trendingnails #vietnamesesalon #nailtok #nail #fresnonails,,"So how much is it gonna be for this set? How much for what? For this set. Yeah. Um, with the ombre and your nails long. Uh huh. Can round just. And the design. $100. Uh huh. Is that okay? Uh huh. I mean, that's. That's pretty. A lot. That's a lot. That's a lot. Yeah. No, it's actually not bad for this kind of long nails and all that. Why? You good? Not really. What? What. What do you mean? I mean, I still have, like, a bunch of bills to pay, and I still gotta make sure I have enough food for my kids and to buy groceries. Hmm. Um, I don't know what you want me to do. I mean, can you give me a discount? That's pretty cheap, right? Like, I'm actually giving you the best price for $100 for the design and the long nail and the ombre.
",https://www.tiktok.com/@cyptk2/video/7470466146723138862
7473540408908320043,pqbaom005,1093,0,1,8,US,2025-02-20T16:34:43Z,,7473540625867049770,When the client forgot her wallet. #nails #nailtech #nailtok #nail #fyp #foryoupage #nailsalon #naillife #tutorial #vietnamesesalon #nailsartvideos #nailmeme #meme #price,,"Do you like them? They're amazing. All right, so today, for your, uh, pedicure and manicure, you looking at 1 20? Is that cool? Hey, I forgot. What happened? I forgot my wallet. You forgot your wallet? Yeah. So I don't have my cash or cards. Can. Can. Do you have Venmo or apple pay? Anything? No, I don't have my phone or anything on me. Damn. Um, I live right down the street. I can just go get it and come right back. Do you have anything? Your procedure. Just give me, like, anything. I have my driver's license. No, I don't need your driver's license. I kind of need something because I don't wanna go home and my wife questions me like, how come I didn't get paid? Um, what about your shoes? My shoes? Yeah, I'll take your shoes. Just let me hold on to your shoes, and then when you have the money, come back and I'll give you back your shoes. How's that sound? Okay. Alright, that's fair. I mean, these are kind of dirty, but just come back with your money. Okay. 1:20. Okay. Alright, thanks.
",https://www.tiktok.com/@pqbaom005/video/7473540408908320043
7472021221039738154,pqbaom005,1607,0,0,8,US,2025-02-16T14:19:44Z,,7472021440713689902,When the client forgot her wallet. #nails #nailtech #nailtok #nail #fyp #foryoupage #nailsalon #naillife #tutorial #vietnamesesalon #nailsartvideos #nailmeme #meme #price,,"Do you like them? They're amazing. All right, so today, for your, uh, pedicure and manicure, you looking at 1 20? Is that cool? Hey, I forgot. What happened? I forgot my wallet. You forgot your wallet? Yeah. So I don't have my cash or cards. Can. Can. Do you have Venmo or apple pay? Anything? No, I don't have my phone or anything on me. Damn. Um, I live right down the street. I can just go get it and come right back. Do you have anything? Your procedure. Just give me, like, anything. I have my driver's license. No, I don't need your driver's license. I kind of need something because I don't wanna go home and my wife questions me like, how come I didn't get paid? Um, what about your shoes? My shoes? Yeah, I'll take your shoes. Just let me hold on to your shoes, and then when you have the money, come back and I'll give you back your shoes. How's that sound? Okay. Alright, that's fair. I mean, these are kind of dirty, but just come back with your money. Okay. 1:20. Okay. Alright, thanks.
",https://www.tiktok.com/@pqbaom005/video/7472021221039738154
7470924015205371166,mashangbao159,929,0,0,25,US,2025-02-13T15:21:02Z,,7470929039113456414,When the client forgot her wallet. #nails #nailtech #nailtok #nail #fyp #foryoupage #nailsalon #naillife #tutorial #vietnamesesalon #nailsartvideos #nailmeme #meme #price,,"Do you like them? They're amazing. All right, so today, for your, uh, pedicure and manicure, you looking at 1 20? Is that cool? Hey, I forgot. What happened? I forgot my wallet. You forgot your wallet? Yeah. So I don't have my cash or cards. Can. Can. Do you have Venmo or apple pay? Anything? No, I don't have my phone or anything on me. Damn. Um, I live right down the street. I can just go get it and come right back. Do you have anything? Your procedure. Just give me, like, anything. I have my driver's license. No, I don't need your driver's license. I kind of need something because I don't wanna go home and my wife questions me like, how come I didn't get paid? Um, what about your shoes? My shoes? Yeah, I'll take your shoes. Just let me hold on to your shoes, and then when you have the money, come back and I'll give you back your shoes. How's that sound? Okay. Alright, that's fair. I mean, these are kind of dirty, but just come back with your money. Okay. 1:20. Okay. Alright, thanks.
",https://www.tiktok.com/@mashangbao159/video/7470924015205371166
7470099014038408491,cyptk2,3311,0,0,10,US,2025-02-11T10:02:11Z,,7470099651694316330,When the client forgot her wallet. #nails #nailtech #nailtok #nail #fyp #foryoupage #nailsalon #naillife #tutorial #vietnamesesalon #nailsartvideos #nailmeme #meme #price,,"Do you like them? They're amazing. Alright, so today, for your, uh, pedicure and manicure, you're looking at 1 20. Is that cool? Hey, I. What happened? I forgot my wallet. You've got your wallet? Yeah. So I don't have my cash or cards. Can. Can. Do you have Venmo or Apple Pay? Anything? No, I don't have my phone or anything on me. Damn. Um, I live right down the street. I can just go get it and come right back. Do you have anything? Your purse? You just give me, like, anything. I have my driver's license. No, I don't need your driver's license. Um, I kinda need something because I don't wanna go home and my wife questions me like, how come I didn't get paid? Um, what about your shoes? My shoes? Yeah, I'll take your shoes. Just let me hold on to your shoes and then when you have the money, come back and I'll give you back your shoes. How's that sound? Okay. Alright, that's fair. I mean, these are kind of dirty, but just come back with your money. Okay. 1:20. Okay. Alright, thanks.
",https://www.tiktok.com/@cyptk2/video/7470099014038408491
7470092149057621294,cyptk2,1727,3,6,40,US,2025-02-11T09:35:08Z,,7470092705394182955,"I don‚Äôt care if you have a boyfriend, I still need your mom permission for long nails. #nailtech #nails #foryoupage #fyp #storytime #tutorial #nailsalon #nail #nailtok #drama #559fresno",,"Um, I'm not paying today. I'm not paying for my nails today. What do you mean you're not paying for your nails? I, I don't pay for my nails. Is somebody here to help you pay for your nails? No, no one's here to pay for my nails. Okay, then how you gonna get this service? Pay. Well, men pay for my nails. Oh, the men usually pay for your nails. Yeah. Okay, is, is your man here? No, no, my man's not here. I don't have a man right now. Okay, so who's gonna pay for your nails? I don't get it. Well, I mean I thought you were gonna pay for my nails. Why would I pay for your nails? Cause you're a man. But I'm not your man. I'm your nail tech. You're not a man? No, I'm a man, but I'm not your man, so don't get that twisted. And that's different. Like I'm a man, but I'm a nail tech. Like I'm not your man to pay for your nails. It doesn't work like that, man. I mean, but look at who I am. Don't you see who I am? Look at me. I, I don't know what you're talking about. I mean, you're alright, you ain't all that, but what are you trying to say? I'm hood commodity in the hood, I'm where it's at. Okay, so you're a hood commodity in your hood. Yes, I am. So who's paying for your Nails? I don't get it. Like, what's that has to do with your nails getting paid right now? Look, I think you should be. You should be able to swing it this time. Bitch, I'm not swinging nothing. You pay for your nails. I'm not your man. I'm not from the hood. You get one of your hood boys. I don't care if you're a hood rat or not. Just pay for your nails.
",https://www.tiktok.com/@cyptk2/video/7470092149057621294
7469715046717721902,cyptk2,987,0,0,8,US,2025-02-10T09:11:37Z,,7469715542652226346,"I don‚Äôt care if you have a boyfriend, I still need your mom permission for long nails. #nailtech #nails #foryoupage #fyp #storytime #tutorial #nailsalon #nail #nailtok #drama #559fresno",,"Go ahead and cut these links down. How long do you want it? You can just keep it this length. You want it this long? Yeah. How old are you? 14. 14. Oh. Hmm. You know what? By law in our salon, you need to be 18. Yeah. Uh, is your mom here? She's around here somewhere. Outside. Yeah. If you can get her back, I. I need a permission from her, you know? I mean, I've had this length done before. Yeah, I. I need her permission because we had a lot of incident where, you know, young kids just come and get long nails, and the mom come back, like, start yelling at me for no reason. I mean, I won't prevent that problem. I'm old enough to have a boyfriend. Yeah, like, what the hell? I've never heard of this rule. Um, what the hell do you having a boyfriend has to do with your long nails? I mean, if I'm old enough to have a boyfriend, I should have be able to have long nails. No, if you're old enough to have a boyfriend, then that's your mom's problem, not mine. But when it comes to getting long nails, I need your mom to be here. Oh, uh, your mom's coming in. Yeah, why don't we ask your mom? Why. Why don't we ask your mom? She's here. Hey, actually, I think I'll just have them short. You want them short? Yeah. Well, your mom's here. Let's just ask her. No, no, no. It's okay. You sure? Yeah.
",https://www.tiktok.com/@cyptk2/video/7469715046717721902
7471286948255157511,irakli4georgia,16135,33,66,427,GE,2025-02-14T14:49:13Z,,7471286982816090897,·É†·Éê·É° ·Éê·Éõ·Éë·Éù·Éë·Éì·Éê ·Éò·É†·Éê·Éô·Éö·Éò ·É¶·Éê·É†·Éò·Éë·Éê·É®·Éï·Éò·Éö·Éò 2023 ·É¨·Éî·Éö·É° ·Éì·Éê ·É†·Éê·É° ·Éê·Éõ·Éë·Éù·Éë·É° ·Éì·Éù·Éú·Éê·Éö·Éì ·É¢·É†·Éê·Éõ·Éû·Éò 2025 ·É¨·Éî·Éö·É° #fyp #foryou #foryourpage #xzybca #·É§·Éù·É†·Éò·É£ #·É§·Éù·É†·Éò·É£·Éñ·Éî ,,NA,https://www.tiktok.com/@irakli4georgia/video/7471286948255157511
